The NODE_ENV environment variable is required but was not specified. Ensure the project is bundled with Expo CLI or NODE_ENV is set. Using only .env.local and .env
Note: Some input files use or override a deprecated API.
Note: Recompile with -Xlint:deprecation for details.
Note: Some input files use or override a deprecated API.
Note: Recompile with -Xlint:deprecation for details.
Note: C:\Users\Admin\Documents\Codex\2026-05-17\can-you-look-at-this-app\magic-link-main\mobile\native-app\node_modules\@react-native-async-storage\async-storage\android\src\javaPackage\java\com\reactnativecommunity\asyncstorage\AsyncStoragePackage.java uses unchecked or unsafe operations.
Note: Recompile with -Xlint:unchecked for details.
Note: Some input files use or override a deprecated API.
Note: Recompile with -Xlint:deprecation for details.
Note: C:\Users\Admin\Documents\Codex\2026-05-17\can-you-look-at-this-app\magic-link-main\mobile\native-app\node_modules\react-native-webrtc\android\src\main\java\com\oney\WebRTCModule\StringUtils.java uses unchecked or unsafe operations.
Note: Recompile with -Xlint:unchecked for details.
Note: C:\Users\Admin\Documents\Codex\2026-05-17\can-you-look-at-this-app\magic-link-main\mobile\native-app\node_modules\react-native-safe-area-context\android\src\paper\java\com\th3rdwave\safeareacontext\NativeSafeAreaContextSpec.java uses or overrides a deprecated API.
Note: Recompile with -Xlint:deprecation for details.

FAILURE: Build failed with an exception.

* What went wrong:
Execution failed for task ':expo-modules-core:buildCMakeRelWithDebInfo[arm64-v8a]'.
> com.android.ide.common.process.ProcessException: ninja: Entering directory `C:\Users\Admin\Documents\Codex\2026-05-17\can-you-look-at-this-app\magic-link-main\mobile\native-app\node_modules\expo-modules-core\android\.cxx\RelWithDebInfo\1281bo1r\arm64-v8a'
  [0/1] Re-running CMake...
  -- Configuring done
  -- Generating done
  -- Build files have been written to: C:/Users/Admin/Documents/Codex/2026-05-17/can-you-look-at-this-app/magic-link-main/mobile/native-app/node_modules/expo-modules-core/android/.cxx/RelWithDebInfo/1281bo1r/arm64-v8a
  [0/1] Re-running CMake...
  -- Configuring done
  -- Generating done
  -- Build files have been written to: C:/Users/Admin/Documents/Codex/2026-05-17/can-you-look-at-this-app/magic-link-main/mobile/native-app/node_modules/expo-modules-core/android/.cxx/RelWithDebInfo/1281bo1r/arm64-v8a
  [0/1] Re-running CMake...
  -- Configuring done
  -- Generating done
  -- Build files have been written to: C:/Users/Admin/Documents/Codex/2026-05-17/can-you-look-at-this-app/magic-link-main/mobile/native-app/node_modules/expo-modules-core/android/.cxx/RelWithDebInfo/1281bo1r/arm64-v8a
  [0/1] Re-running CMake...
  -- Configuring done
  -- Generating done
  -- Build files have been written to: C:/Users/Admin/Documents/Codex/2026-05-17/can-you-look-at-this-app/magic-link-main/mobile/native-app/node_modules/expo-modules-core/android/.cxx/RelWithDebInfo/1281bo1r/arm64-v8a
  [0/1] Re-running CMake...
  -- Configuring done
  -- Generating done
  -- Build files have been written to: C:/Users/Admin/Documents/Codex/2026-05-17/can-you-look-at-this-app/magic-link-main/mobile/native-app/node_modules/expo-modules-core/android/.cxx/RelWithDebInfo/1281bo1r/arm64-v8a
  [0/1] Re-running CMake...
  -- Configuring done
  -- Generating done
  -- Build files have been written to: C:/Users/Admin/Documents/Codex/2026-05-17/can-you-look-at-this-app/magic-link-main/mobile/native-app/node_modules/expo-modules-core/android/.cxx/RelWithDebInfo/1281bo1r/arm64-v8a
  [0/1] Re-running CMake...
  -- Configuring done
  -- Generating done
  -- Build files have been written to: C:/Users/Admin/Documents/Codex/2026-05-17/can-you-look-at-this-app/magic-link-main/mobile/native-app/node_modules/expo-modules-core/android/.cxx/RelWithDebInfo/1281bo1r/arm64-v8a
  [0/1] Re-running CMake...
  -- Configuring done
  -- Generating done
  -- Build files have been written to: C:/Users/Admin/Documents/Codex/2026-05-17/can-you-look-at-this-app/magic-link-main/mobile/native-app/node_modules/expo-modules-core/android/.cxx/RelWithDebInfo/1281bo1r/arm64-v8a
  [0/1] Re-running CMake...
  -- Configuring done
  -- Generating done
  -- Build files have been written to: C:/Users/Admin/Documents/Codex/2026-05-17/can-you-look-at-this-app/magic-link-main/mobile/native-app/node_modules/expo-modules-core/android/.cxx/RelWithDebInfo/1281bo1r/arm64-v8a
  [0/1] Re-running CMake...
  -- Configuring done
  -- Generating done
  -- Build files have been written to: C:/Users/Admin/Documents/Codex/2026-05-17/can-you-look-at-this-app/magic-link-main/mobile/native-app/node_modules/expo-modules-core/android/.cxx/RelWithDebInfo/1281bo1r/arm64-v8a
  [0/1] Re-running CMake...
  -- Configuring done
  -- Generating done
  -- Build files have been written to: C:/Users/Admin/Documents/Codex/2026-05-17/can-you-look-at-this-app/magic-link-main/mobile/native-app/node_modules/expo-modules-core/android/.cxx/RelWithDebInfo/1281bo1r/arm64-v8a
  [0/1] Re-running CMake...
  -- Configuring done
  -- Generating done
  -- Build files have been written to: C:/Users/Admin/Documents/Codex/2026-05-17/can-you-look-at-this-app/magic-link-main/mobile/native-app/node_modules/expo-modules-core/android/.cxx/RelWithDebInfo/1281bo1r/arm64-v8a
  [0/1] Re-running CMake...
  -- Configuring done
  -- Generating done
  -- Build files have been written to: C:/Users/Admin/Documents/Codex/2026-05-17/can-you-look-at-this-app/magic-link-main/mobile/native-app/node_modules/expo-modules-core/android/.cxx/RelWithDebInfo/1281bo1r/arm64-v8a
  [0/1] Re-running CMake...
  -- Configuring done
  -- Generating done
  -- Build files have been written to: C:/Users/Admin/Documents/Codex/2026-05-17/can-you-look-at-this-app/magic-link-main/mobile/native-app/node_modules/expo-modules-core/android/.cxx/RelWithDebInfo/1281bo1r/arm64-v8a
  [0/1] Re-running CMake...
  -- Configuring done
  -- Generating done
  -- Build files have been written to: C:/Users/Admin/Documents/Codex/2026-05-17/can-you-look-at-this-app/magic-link-main/mobile/native-app/node_modules/expo-modules-core/android/.cxx/RelWithDebInfo/1281bo1r/arm64-v8a
  [0/1] Re-running CMake...
  -- Configuring done
  -- Generating done
  -- Build files have been written to: C:/Users/Admin/Documents/Codex/2026-05-17/can-you-look-at-this-app/magic-link-main/mobile/native-app/node_modules/expo-modules-core/android/.cxx/RelWithDebInfo/1281bo1r/arm64-v8a
  [0/1] Re-running CMake...
  -- Configuring done
  -- Generating done
  -- Build files have been written to: C:/Users/Admin/Documents/Codex/2026-05-17/can-you-look-at-this-app/magic-link-main/mobile/native-app/node_modules/expo-modules-core/android/.cxx/RelWithDebInfo/1281bo1r/arm64-v8a
  [0/1] Re-running CMake...
  -- Configuring done
  -- Generating done
  -- Build files have been written to: C:/Users/Admin/Documents/Codex/2026-05-17/can-you-look-at-this-app/magic-link-main/mobile/native-app/node_modules/expo-modules-core/android/.cxx/RelWithDebInfo/1281bo1r/arm64-v8a
  [0/1] Re-running CMake...
  -- Configuring done
  -- Generating done
  -- Build files have been written to: C:/Users/Admin/Documents/Codex/2026-05-17/can-you-look-at-this-app/magic-link-main/mobile/native-app/node_modules/expo-modules-core/android/.cxx/RelWithDebInfo/1281bo1r/arm64-v8a
  [0/1] Re-running CMake...
  -- Configuring done
  -- Generating done
  -- Build files have been written to: C:/Users/Admin/Documents/Codex/2026-05-17/can-you-look-at-this-app/magic-link-main/mobile/native-app/node_modules/expo-modules-core/android/.cxx/RelWithDebInfo/1281bo1r/arm64-v8a
  [0/1] Re-running CMake...
  -- Configuring done
  -- Generating done
  -- Build files have been written to: C:/Users/Admin/Documents/Codex/2026-05-17/can-you-look-at-this-app/magic-link-main/mobile/native-app/node_modules/expo-modules-core/android/.cxx/RelWithDebInfo/1281bo1r/arm64-v8a
  [0/1] Re-running CMake...
  -- Configuring done
  -- Generating done
  -- Build files have been written to: C:/Users/Admin/Documents/Codex/2026-05-17/can-you-look-at-this-app/magic-link-main/mobile/native-app/node_modules/expo-modules-core/android/.cxx/RelWithDebInfo/1281bo1r/arm64-v8a
  [0/1] Re-running CMake...
  -- Configuring done
  -- Generating done
  -- Build files have been written to: C:/Users/Admin/Documents/Codex/2026-05-17/can-you-look-at-this-app/magic-link-main/mobile/native-app/node_modules/expo-modules-core/android/.cxx/RelWithDebInfo/1281bo1r/arm64-v8a
  [0/1] Re-running CMake...
  -- Configuring done
  -- Generating done
  -- Build files have been written to: C:/Users/Admin/Documents/Codex/2026-05-17/can-you-look-at-this-app/magic-link-main/mobile/native-app/node_modules/expo-modules-core/android/.cxx/RelWithDebInfo/1281bo1r/arm64-v8a
  [0/1] Re-running CMake...
  -- Configuring done
  -- Generating done
  -- Build files have been written to: C:/Users/Admin/Documents/Codex/2026-05-17/can-you-look-at-this-app/magic-link-main/mobile/native-app/node_modules/expo-modules-core/android/.cxx/RelWithDebInfo/1281bo1r/arm64-v8a
  [0/1] Re-running CMake...
  -- Configuring done
  -- Generating done
  -- Build files have been written to: C:/Users/Admin/Documents/Codex/2026-05-17/can-you-look-at-this-app/magic-link-main/mobile/native-app/node_modules/expo-modules-core/android/.cxx/RelWithDebInfo/1281bo1r/arm64-v8a
  [0/1] Re-running CMake...
  -- Configuring done
  -- Generating done
  -- Build files have been written to: C:/Users/Admin/Documents/Codex/2026-05-17/can-you-look-at-this-app/magic-link-main/mobile/native-app/node_modules/expo-modules-core/android/.cxx/RelWithDebInfo/1281bo1r/arm64-v8a
  [0/1] Re-running CMake...
  -- Configuring done
  -- Generating done
  -- Build files have been written to: C:/Users/Admin/Documents/Codex/2026-05-17/can-you-look-at-this-app/magic-link-main/mobile/native-app/node_modules/expo-modules-core/android/.cxx/RelWithDebInfo/1281bo1r/arm64-v8a
  [0/1] Re-running CMake...
  -- Configuring done
  -- Generating done
  -- Build files have been written to: C:/Users/Admin/Documents/Codex/2026-05-17/can-you-look-at-this-app/magic-link-main/mobile/native-app/node_modules/expo-modules-core/android/.cxx/RelWithDebInfo/1281bo1r/arm64-v8a
  [0/1] Re-running CMake...
  -- Configuring done
  -- Generating done
  -- Build files have been written to: C:/Users/Admin/Documents/Codex/2026-05-17/can-you-look-at-this-app/magic-link-main/mobile/native-app/node_modules/expo-modules-core/android/.cxx/RelWithDebInfo/1281bo1r/arm64-v8a
  [0/1] Re-running CMake...
  -- Configuring done
  -- Generating done
  -- Build files have been written to: C:/Users/Admin/Documents/Codex/2026-05-17/can-you-look-at-this-app/magic-link-main/mobile/native-app/node_modules/expo-modules-core/android/.cxx/RelWithDebInfo/1281bo1r/arm64-v8a
  [0/1] Re-running CMake...
  -- Configuring done
  -- Generating done
  -- Build files have been written to: C:/Users/Admin/Documents/Codex/2026-05-17/can-you-look-at-this-app/magic-link-main/mobile/native-app/node_modules/expo-modules-core/android/.cxx/RelWithDebInfo/1281bo1r/arm64-v8a
  [0/1] Re-running CMake...
  -- Configuring done
  -- Generating done
  -- Build files have been written to: C:/Users/Admin/Documents/Codex/2026-05-17/can-you-look-at-this-app/magic-link-main/mobile/native-app/node_modules/expo-modules-core/android/.cxx/RelWithDebInfo/1281bo1r/arm64-v8a
  [0/1] Re-running CMake...
  -- Configuring done
  -- Generating done
  -- Build files have been written to: C:/Users/Admin/Documents/Codex/2026-05-17/can-you-look-at-this-app/magic-link-main/mobile/native-app/node_modules/expo-modules-core/android/.cxx/RelWithDebInfo/1281bo1r/arm64-v8a
  [0/1] Re-running CMake...
  -- Configuring done
  -- Generating done
  -- Build files have been written to: C:/Users/Admin/Documents/Codex/2026-05-17/can-you-look-at-this-app/magic-link-main/mobile/native-app/node_modules/expo-modules-core/android/.cxx/RelWithDebInfo/1281bo1r/arm64-v8a
  [0/1] Re-running CMake...
  -- Configuring done
  -- Generating done
  -- Build files have been written to: C:/Users/Admin/Documents/Codex/2026-05-17/can-you-look-at-this-app/magic-link-main/mobile/native-app/node_modules/expo-modules-core/android/.cxx/RelWithDebInfo/1281bo1r/arm64-v8a
  [0/1] Re-running CMake...
  -- Configuring done
  -- Generating done
  -- Build files have been written to: C:/Users/Admin/Documents/Codex/2026-05-17/can-you-look-at-this-app/magic-link-main/mobile/native-app/node_modules/expo-modules-core/android/.cxx/RelWithDebInfo/1281bo1r/arm64-v8a
  [0/1] Re-running CMake...
  -- Configuring done
  -- Generating done
  -- Build files have been written to: C:/Users/Admin/Documents/Codex/2026-05-17/can-you-look-at-this-app/magic-link-main/mobile/native-app/node_modules/expo-modules-core/android/.cxx/RelWithDebInfo/1281bo1r/arm64-v8a
  [0/1] Re-running CMake...
  -- Configuring done
  -- Generating done
  -- Build files have been written to: C:/Users/Admin/Documents/Codex/2026-05-17/can-you-look-at-this-app/magic-link-main/mobile/native-app/node_modules/expo-modules-core/android/.cxx/RelWithDebInfo/1281bo1r/arm64-v8a
  [0/1] Re-running CMake...
  -- Configuring done
  -- Generating done
  -- Build files have been written to: C:/Users/Admin/Documents/Codex/2026-05-17/can-you-look-at-this-app/magic-link-main/mobile/native-app/node_modules/expo-modules-core/android/.cxx/RelWithDebInfo/1281bo1r/arm64-v8a
  [0/1] Re-running CMake...
  -- Configuring done
  -- Generating done
  -- Build files have been written to: C:/Users/Admin/Documents/Codex/2026-05-17/can-you-look-at-this-app/magic-link-main/mobile/native-app/node_modules/expo-modules-core/android/.cxx/RelWithDebInfo/1281bo1r/arm64-v8a
  [0/1] Re-running CMake...
  -- Configuring done
  -- Generating done
  -- Build files have been written to: C:/Users/Admin/Documents/Codex/2026-05-17/can-you-look-at-this-app/magic-link-main/mobile/native-app/node_modules/expo-modules-core/android/.cxx/RelWithDebInfo/1281bo1r/arm64-v8a
  [0/1] Re-running CMake...
  -- Configuring done
  -- Generating done
  -- Build files have been written to: C:/Users/Admin/Documents/Codex/2026-05-17/can-you-look-at-this-app/magic-link-main/mobile/native-app/node_modules/expo-modules-core/android/.cxx/RelWithDebInfo/1281bo1r/arm64-v8a
  [0/1] Re-running CMake...
  -- Configuring done
  -- Generating done
  -- Build files have been written to: C:/Users/Admin/Documents/Codex/2026-05-17/can-you-look-at-this-app/magic-link-main/mobile/native-app/node_modules/expo-modules-core/android/.cxx/RelWithDebInfo/1281bo1r/arm64-v8a
  [0/1] Re-running CMake...
  -- Configuring done
  -- Generating done
  -- Build files have been written to: C:/Users/Admin/Documents/Codex/2026-05-17/can-you-look-at-this-app/magic-link-main/mobile/native-app/node_modules/expo-modules-core/android/.cxx/RelWithDebInfo/1281bo1r/arm64-v8a
  [0/1] Re-running CMake...
  -- Configuring done
  -- Generating done
  -- Build files have been written to: C:/Users/Admin/Documents/Codex/2026-05-17/can-you-look-at-this-app/magic-link-main/mobile/native-app/node_modules/expo-modules-core/android/.cxx/RelWithDebInfo/1281bo1r/arm64-v8a
  [0/1] Re-running CMake...
  -- Configuring done
  -- Generating done
  -- Build files have been written to: C:/Users/Admin/Documents/Codex/2026-05-17/can-you-look-at-this-app/magic-link-main/mobile/native-app/node_modules/expo-modules-core/android/.cxx/RelWithDebInfo/1281bo1r/arm64-v8a
  [0/1] Re-running CMake...
  -- Configuring done
  -- Generating done
  -- Build files have been written to: C:/Users/Admin/Documents/Codex/2026-05-17/can-you-look-at-this-app/magic-link-main/mobile/native-app/node_modules/expo-modules-core/android/.cxx/RelWithDebInfo/1281bo1r/arm64-v8a
  [0/1] Re-running CMake...
  -- Configuring done
  -- Generating done
  -- Build files have been written to: C:/Users/Admin/Documents/Codex/2026-05-17/can-you-look-at-this-app/magic-link-main/mobile/native-app/node_modules/expo-modules-core/android/.cxx/RelWithDebInfo/1281bo1r/arm64-v8a
  [0/1] Re-running CMake...
  -- Configuring done
  -- Generating done
  -- Build files have been written to: C:/Users/Admin/Documents/Codex/2026-05-17/can-you-look-at-this-app/magic-link-main/mobile/native-app/node_modules/expo-modules-core/android/.cxx/RelWithDebInfo/1281bo1r/arm64-v8a
  [0/1] Re-running CMake...
  -- Configuring done
  -- Generating done
  -- Build files have been written to: C:/Users/Admin/Documents/Codex/2026-05-17/can-you-look-at-this-app/magic-link-main/mobile/native-app/node_modules/expo-modules-core/android/.cxx/RelWithDebInfo/1281bo1r/arm64-v8a
  [0/1] Re-running CMake...
  -- Configuring done
  -- Generating done
  -- Build files have been written to: C:/Users/Admin/Documents/Codex/2026-05-17/can-you-look-at-this-app/magic-link-main/mobile/native-app/node_modules/expo-modules-core/android/.cxx/RelWithDebInfo/1281bo1r/arm64-v8a
  [0/1] Re-running CMake...
  -- Configuring done
  -- Generating done
  -- Build files have been written to: C:/Users/Admin/Documents/Codex/2026-05-17/can-you-look-at-this-app/magic-link-main/mobile/native-app/node_modules/expo-modules-core/android/.cxx/RelWithDebInfo/1281bo1r/arm64-v8a
  [0/1] Re-running CMake...
  -- Configuring done
  -- Generating done
  -- Build files have been written to: C:/Users/Admin/Documents/Codex/2026-05-17/can-you-look-at-this-app/magic-link-main/mobile/native-app/node_modules/expo-modules-core/android/.cxx/RelWithDebInfo/1281bo1r/arm64-v8a
  [0/1] Re-running CMake...
  -- Configuring done
  -- Generating done
  -- Build files have been written to: C:/Users/Admin/Documents/Codex/2026-05-17/can-you-look-at-this-app/magic-link-main/mobile/native-app/node_modules/expo-modules-core/android/.cxx/RelWithDebInfo/1281bo1r/arm64-v8a
  [0/1] Re-running CMake...
  -- Configuring done
  -- Generating done
  -- Build files have been written to: C:/Users/Admin/Documents/Codex/2026-05-17/can-you-look-at-this-app/magic-link-main/mobile/native-app/node_modules/expo-modules-core/android/.cxx/RelWithDebInfo/1281bo1r/arm64-v8a
  [0/1] Re-running CMake...
  -- Configuring done
  -- Generating done
  -- Build files have been written to: C:/Users/Admin/Documents/Codex/2026-05-17/can-you-look-at-this-app/magic-link-main/mobile/native-app/node_modules/expo-modules-core/android/.cxx/RelWithDebInfo/1281bo1r/arm64-v8a
  [0/1] Re-running CMake...
  -- Configuring done
  -- Generating done
  -- Build files have been written to: C:/Users/Admin/Documents/Codex/2026-05-17/can-you-look-at-this-app/magic-link-main/mobile/native-app/node_modules/expo-modules-core/android/.cxx/RelWithDebInfo/1281bo1r/arm64-v8a
  [0/1] Re-running CMake...
  -- Configuring done
  -- Generating done
  -- Build files have been written to: C:/Users/Admin/Documents/Codex/2026-05-17/can-you-look-at-this-app/magic-link-main/mobile/native-app/node_modules/expo-modules-core/android/.cxx/RelWithDebInfo/1281bo1r/arm64-v8a
  [0/1] Re-running CMake...
  -- Configuring done
  -- Generating done
  -- Build files have been written to: C:/Users/Admin/Documents/Codex/2026-05-17/can-you-look-at-this-app/magic-link-main/mobile/native-app/node_modules/expo-modules-core/android/.cxx/RelWithDebInfo/1281bo1r/arm64-v8a
  [0/1] Re-running CMake...
  -- Configuring done
  -- Generating done
  -- Build files have been written to: C:/Users/Admin/Documents/Codex/2026-05-17/can-you-look-at-this-app/magic-link-main/mobile/native-app/node_modules/expo-modules-core/android/.cxx/RelWithDebInfo/1281bo1r/arm64-v8a
  [0/1] Re-running CMake...
  -- Configuring done
  -- Generating done
  -- Build files have been written to: C:/Users/Admin/Documents/Codex/2026-05-17/can-you-look-at-this-app/magic-link-main/mobile/native-app/node_modules/expo-modules-core/android/.cxx/RelWithDebInfo/1281bo1r/arm64-v8a
  [0/1] Re-running CMake...
  -- Configuring done
  -- Generating done
  -- Build files have been written to: C:/Users/Admin/Documents/Codex/2026-05-17/can-you-look-at-this-app/magic-link-main/mobile/native-app/node_modules/expo-modules-core/android/.cxx/RelWithDebInfo/1281bo1r/arm64-v8a
  [0/1] Re-running CMake...
  -- Configuring done
  -- Generating done
  -- Build files have been written to: C:/Users/Admin/Documents/Codex/2026-05-17/can-you-look-at-this-app/magic-link-main/mobile/native-app/node_modules/expo-modules-core/android/.cxx/RelWithDebInfo/1281bo1r/arm64-v8a
  [0/1] Re-running CMake...
  -- Configuring done
  -- Generating done
  -- Build files have been written to: C:/Users/Admin/Documents/Codex/2026-05-17/can-you-look-at-this-app/magic-link-main/mobile/native-app/node_modules/expo-modules-core/android/.cxx/RelWithDebInfo/1281bo1r/arm64-v8a
  [0/1] Re-running CMake...
  -- Configuring done
  -- Generating done
  -- Build files have been written to: C:/Users/Admin/Documents/Codex/2026-05-17/can-you-look-at-this-app/magic-link-main/mobile/native-app/node_modules/expo-modules-core/android/.cxx/RelWithDebInfo/1281bo1r/arm64-v8a
  [0/1] Re-running CMake...
  -- Configuring done
  -- Generating done
  -- Build files have been written to: C:/Users/Admin/Documents/Codex/2026-05-17/can-you-look-at-this-app/magic-link-main/mobile/native-app/node_modules/expo-modules-core/android/.cxx/RelWithDebInfo/1281bo1r/arm64-v8a
  [0/1] Re-running CMake...
  -- Configuring done
  -- Generating done
  -- Build files have been written to: C:/Users/Admin/Documents/Codex/2026-05-17/can-you-look-at-this-app/magic-link-main/mobile/native-app/node_modules/expo-modules-core/android/.cxx/RelWithDebInfo/1281bo1r/arm64-v8a
  [0/1] Re-running CMake...
  -- Configuring done
  -- Generating done
  -- Build files have been written to: C:/Users/Admin/Documents/Codex/2026-05-17/can-you-look-at-this-app/magic-link-main/mobile/native-app/node_modules/expo-modules-core/android/.cxx/RelWithDebInfo/1281bo1r/arm64-v8a
  [0/1] Re-running CMake...
  -- Configuring done
  -- Generating done
  -- Build files have been written to: C:/Users/Admin/Documents/Codex/2026-05-17/can-you-look-at-this-app/magic-link-main/mobile/native-app/node_modules/expo-modules-core/android/.cxx/RelWithDebInfo/1281bo1r/arm64-v8a
  [0/1] Re-running CMake...
  -- Configuring done
  -- Generating done
  -- Build files have been written to: C:/Users/Admin/Documents/Codex/2026-05-17/can-you-look-at-this-app/magic-link-main/mobile/native-app/node_modules/expo-modules-core/android/.cxx/RelWithDebInfo/1281bo1r/arm64-v8a
  [0/1] Re-running CMake...
  -- Configuring done
  -- Generating done
  -- Build files have been written to: C:/Users/Admin/Documents/Codex/2026-05-17/can-you-look-at-this-app/magic-link-main/mobile/native-app/node_modules/expo-modules-core/android/.cxx/RelWithDebInfo/1281bo1r/arm64-v8a
  [0/1] Re-running CMake...
  -- Configuring done
  -- Generating done
  -- Build files have been written to: C:/Users/Admin/Documents/Codex/2026-05-17/can-you-look-at-this-app/magic-link-main/mobile/native-app/node_modules/expo-modules-core/android/.cxx/RelWithDebInfo/1281bo1r/arm64-v8a
  [0/1] Re-running CMake...
  -- Configuring done
  -- Generating done
  -- Build files have been written to: C:/Users/Admin/Documents/Codex/2026-05-17/can-you-look-at-this-app/magic-link-main/mobile/native-app/node_modules/expo-modules-core/android/.cxx/RelWithDebInfo/1281bo1r/arm64-v8a
  [0/1] Re-running CMake...
  -- Configuring done
  -- Generating done
  -- Build files have been written to: C:/Users/Admin/Documents/Codex/2026-05-17/can-you-look-at-this-app/magic-link-main/mobile/native-app/node_modules/expo-modules-core/android/.cxx/RelWithDebInfo/1281bo1r/arm64-v8a
  [0/1] Re-running CMake...
  -- Configuring done
  -- Generating done
  -- Build files have been written to: C:/Users/Admin/Documents/Codex/2026-05-17/can-you-look-at-this-app/magic-link-main/mobile/native-app/node_modules/expo-modules-core/android/.cxx/RelWithDebInfo/1281bo1r/arm64-v8a
  [0/1] Re-running CMake...
  -- Configuring done
  -- Generating done
  -- Build files have been written to: C:/Users/Admin/Documents/Codex/2026-05-17/can-you-look-at-this-app/magic-link-main/mobile/native-app/node_modules/expo-modules-core/android/.cxx/RelWithDebInfo/1281bo1r/arm64-v8a
  [0/1] Re-running CMake...
  -- Configuring done
  -- Generating done
  -- Build files have been written to: C:/Users/Admin/Documents/Codex/2026-05-17/can-you-look-at-this-app/magic-link-main/mobile/native-app/node_modules/expo-modules-core/android/.cxx/RelWithDebInfo/1281bo1r/arm64-v8a
  [0/1] Re-running CMake...
  -- Configuring done
  -- Generating done
  -- Build files have been written to: C:/Users/Admin/Documents/Codex/2026-05-17/can-you-look-at-this-app/magic-link-main/mobile/native-app/node_modules/expo-modules-core/android/.cxx/RelWithDebInfo/1281bo1r/arm64-v8a
  [0/1] Re-running CMake...
  -- Configuring done
  -- Generating done
  -- Build files have been written to: C:/Users/Admin/Documents/Codex/2026-05-17/can-you-look-at-this-app/magic-link-main/mobile/native-app/node_modules/expo-modules-core/android/.cxx/RelWithDebInfo/1281bo1r/arm64-v8a
  [0/1] Re-running CMake...
  -- Configuring done
  -- Generating done
  -- Build files have been written to: C:/Users/Admin/Documents/Codex/2026-05-17/can-you-look-at-this-app/magic-link-main/mobile/native-app/node_modules/expo-modules-core/android/.cxx/RelWithDebInfo/1281bo1r/arm64-v8a
  [0/1] Re-running CMake...
  -- Configuring done
  -- Generating done
  -- Build files have been written to: C:/Users/Admin/Documents/Codex/2026-05-17/can-you-look-at-this-app/magic-link-main/mobile/native-app/node_modules/expo-modules-core/android/.cxx/RelWithDebInfo/1281bo1r/arm64-v8a
  [0/1] Re-running CMake...
  -- Configuring done
  -- Generating done
  -- Build files have been written to: C:/Users/Admin/Documents/Codex/2026-05-17/can-you-look-at-this-app/magic-link-main/mobile/native-app/node_modules/expo-modules-core/android/.cxx/RelWithDebInfo/1281bo1r/arm64-v8a
  [0/1] Re-running CMake...
  -- Configuring done
  -- Generating done
  -- Build files have been written to: C:/Users/Admin/Documents/Codex/2026-05-17/can-you-look-at-this-app/magic-link-main/mobile/native-app/node_modules/expo-modules-core/android/.cxx/RelWithDebInfo/1281bo1r/arm64-v8a
  [0/1] Re-running CMake...
  -- Configuring done
  -- Generating done
  -- Build files have been written to: C:/Users/Admin/Documents/Codex/2026-05-17/can-you-look-at-this-app/magic-link-main/mobile/native-app/node_modules/expo-modules-core/android/.cxx/RelWithDebInfo/1281bo1r/arm64-v8a
  [0/1] Re-running CMake...
  -- Configuring done
  -- Generating done
  -- Build files have been written to: C:/Users/Admin/Documents/Codex/2026-05-17/can-you-look-at-this-app/magic-link-main/mobile/native-app/node_modules/expo-modules-core/android/.cxx/RelWithDebInfo/1281bo1r/arm64-v8a
  [0/1] Re-running CMake...
  -- Configuring done
  -- Generating done
  -- Build files have been written to: C:/Users/Admin/Documents/Codex/2026-05-17/can-you-look-at-this-app/magic-link-main/mobile/native-app/node_modules/expo-modules-core/android/.cxx/RelWithDebInfo/1281bo1r/arm64-v8a
  [0/1] Re-running CMake...
  -- Configuring done
  -- Generating done
  -- Build files have been written to: C:/Users/Admin/Documents/Codex/2026-05-17/can-you-look-at-this-app/magic-link-main/mobile/native-app/node_modules/expo-modules-core/android/.cxx/RelWithDebInfo/1281bo1r/arm64-v8a
  [0/1] Re-running CMake...
  -- Configuring done
  -- Generating done
  -- Build files have been written to: C:/Users/Admin/Documents/Codex/2026-05-17/can-you-look-at-this-app/magic-link-main/mobile/native-app/node_modules/expo-modules-core/android/.cxx/RelWithDebInfo/1281bo1r/arm64-v8a
  [0/1] Re-running CMake...
  -- Configuring done
  -- Generating done
  -- Build files have been written to: C:/Users/Admin/Documents/Codex/2026-05-17/can-you-look-at-this-app/magic-link-main/mobile/native-app/node_modules/expo-modules-core/android/.cxx/RelWithDebInfo/1281bo1r/arm64-v8a
  [0/1] Re-running CMake...
  -- Configuring done
  -- Generating done
  -- Build files have been written to: C:/Users/Admin/Documents/Codex/2026-05-17/can-you-look-at-this-app/magic-link-main/mobile/native-app/node_modules/expo-modules-core/android/.cxx/RelWithDebInfo/1281bo1r/arm64-v8a
  [0/1] Re-running CMake...
  -- Configuring done
  -- Generating done
  -- Build files have been written to: C:/Users/Admin/Documents/Codex/2026-05-17/can-you-look-at-this-app/magic-link-main/mobile/native-app/node_modules/expo-modules-core/android/.cxx/RelWithDebInfo/1281bo1r/arm64-v8a
  [0/1] Re-running CMake...
  -- Configuring done
  -- Generating done
  -- Build files have been written to: C:/Users/Admin/Documents/Codex/2026-05-17/can-you-look-at-this-app/magic-link-main/mobile/native-app/node_modules/expo-modules-core/android/.cxx/RelWithDebInfo/1281bo1r/arm64-v8a
  [0/1] Re-running CMake...
  -- Configuring done
  -- Generating done
  -- Build files have been written to: C:/Users/Admin/Documents/Codex/2026-05-17/can-you-look-at-this-app/magic-link-main/mobile/native-app/node_modules/expo-modules-core/android/.cxx/RelWithDebInfo/1281bo1r/arm64-v8a
  [0/1] Re-running CMake...
  -- Configuring done
  -- Generating done
  -- Build files have been written to: C:/Users/Admin/Documents/Codex/2026-05-17/can-you-look-at-this-app/magic-link-main/mobile/native-app/node_modules/expo-modules-core/android/.cxx/RelWithDebInfo/1281bo1r/arm64-v8a
  [0/1] Re-running CMake...
  -- Configuring done
  -- Generating done
  -- Build files have been written to: C:/Users/Admin/Documents/Codex/2026-05-17/can-you-look-at-this-app/magic-link-main/mobile/native-app/node_modules/expo-modules-core/android/.cxx/RelWithDebInfo/1281bo1r/arm64-v8a
  [0/1] Re-running CMake...
  -- Configuring done
  -- Generating done
  -- Build files have been written to: C:/Users/Admin/Documents/Codex/2026-05-17/can-you-look-at-this-app/magic-link-main/mobile/native-app/node_modules/expo-modules-core/android/.cxx/RelWithDebInfo/1281bo1r/arm64-v8a
  [0/1] Re-running CMake...
  -- Configuring done
  -- Generating done
  -- Build files have been written to: C:/Users/Admin/Documents/Codex/2026-05-17/can-you-look-at-this-app/magic-link-main/mobile/native-app/node_modules/expo-modules-core/android/.cxx/RelWithDebInfo/1281bo1r/arm64-v8a
  [0/1] Re-running CMake...
  -- Configuring done
  -- Generating done
  -- Build files have been written to: C:/Users/Admin/Documents/Codex/2026-05-17/can-you-look-at-this-app/magic-link-main/mobile/native-app/node_modules/expo-modules-core/android/.cxx/RelWithDebInfo/1281bo1r/arm64-v8a
  [0/1] Re-running CMake...
  -- Configuring done
  -- Generating done
  -- Build files have been written to: C:/Users/Admin/Documents/Codex/2026-05-17/can-you-look-at-this-app/magic-link-main/mobile/native-app/node_modules/expo-modules-core/android/.cxx/RelWithDebInfo/1281bo1r/arm64-v8a
  
  C++ build system [build] failed while executing:
      @echo off
      "C:\\Users\\Admin\\AppData\\Local\\Android\\Sdk\\cmake\\3.22.1\\bin\\ninja.exe" ^
        -C ^
        "C:\\Users\\Admin\\Documents\\Codex\\2026-05-17\\can-you-look-at-this-app\\magic-link-main\\mobile\\native-app\\node_modules\\expo-modules-core\\android\\.cxx\\RelWithDebInfo\\1281bo1r\\arm64-v8a" ^
        expo-modules-core
    from C:\Users\Admin\Documents\Codex\2026-05-17\can-you-look-at-this-app\magic-link-main\mobile\native-app\node_modules\expo-modules-core\android
  CMake Warning in CMakeLists.txt:
    The object file directory
  
      C:/Users/Admin/Documents/Codex/2026-05-17/can-you-look-at-this-app/magic-link-main/mobile/native-app/node_modules/expo-modules-core/android/.cxx/RelWithDebInfo/1281bo1r/arm64-v8a/CMakeFiles/expo-modules-core.dir/./
  
    has 214 characters.  The maximum full path to an object file is 250
    characters (see CMAKE_OBJECT_PATH_MAX).  Object file
  
      C_/Users/Admin/Documents/Codex/2026-05-17/can-you-look-at-this-app/magic-link-main/mobile/native-app/node_modules/expo-modules-core/common/cpp/JSIUtils.cpp.o
  
    cannot be safely placed under this directory.  The build may not work
    correctly.
  
  
  CMake Warning in CMakeLists.txt:
    The object file directory
  
      C:/Users/Admin/Documents/Codex/2026-05-17/can-you-look-at-this-app/magic-link-main/mobile/native-app/node_modules/expo-modules-core/android/.cxx/RelWithDebInfo/1281bo1r/arm64-v8a/CMakeFiles/expo-modules-core.dir/./
  
    has 214 characters.  The maximum full path to an object file is 250
    characters (see CMAKE_OBJECT_PATH_MAX).  Object file
  
      C_/Users/Admin/Documents/Codex/2026-05-17/can-you-look-at-this-app/magic-link-main/mobile/native-app/node_modules/expo-modules-core/common/cpp/EventEmitter.cpp.o
  
    cannot be safely placed under this directory.  The build may not work
    correctly.
  
  
  CMake Warning in CMakeLists.txt:
    The object file directory
  
      C:/Users/Admin/Documents/Codex/2026-05-17/can-you-look-at-this-app/magic-link-main/mobile/native-app/node_modules/expo-modules-core/android/.cxx/RelWithDebInfo/1281bo1r/arm64-v8a/CMakeFiles/expo-modules-core.dir/./
  
    has 214 characters.  The maximum full path to an object file is 250
    characters (see CMAKE_OBJECT_PATH_MAX).  Object file
  
      C_/Users/Admin/Documents/Codex/2026-05-17/can-you-look-at-this-app/magic-link-main/mobile/native-app/node_modules/expo-modules-core/common/cpp/ObjectDeallocator.cpp.o
  
    cannot be safely placed under this directory.  The build may not work
    correctly.
  
  
  CMake Warning in CMakeLists.txt:
    The object file directory
  
      C:/Users/Admin/Documents/Codex/2026-05-17/can-you-look-at-this-app/magic-link-main/mobile/native-app/node_modules/expo-modules-core/android/.cxx/RelWithDebInfo/1281bo1r/arm64-v8a/CMakeFiles/expo-modules-core.dir/./
  
    has 214 characters.  The maximum full path to an object file is 250
    characters (see CMAKE_OBJECT_PATH_MAX).  Object file
  
      C_/Users/Admin/Documents/Codex/2026-05-17/can-you-look-at-this-app/magic-link-main/mobile/native-app/node_modules/expo-modules-core/common/cpp/JSIUtils.cpp.o
  
    cannot be safely placed under this directory.  The build may not work
    correctly.
  
  
  CMake Warning in CMakeLists.txt:
    The object file directory
  
      C:/Users/Admin/Documents/Codex/2026-05-17/can-you-look-at-this-app/magic-link-main/mobile/native-app/node_modules/expo-modules-core/android/.cxx/RelWithDebInfo/1281bo1r/arm64-v8a/CMakeFiles/expo-modules-core.dir/./
  
    has 214 characters.  The maximum full path to an object file is 250
    characters (see CMAKE_OBJECT_PATH_MAX).  Object file
  
      C_/Users/Admin/Documents/Codex/2026-05-17/can-you-look-at-this-app/magic-link-main/mobile/native-app/node_modules/expo-modules-core/common/cpp/SharedRef.cpp.o
  
    cannot be safely placed under this directory.  The build may not work
    correctly.
  
  
  CMake Warning in CMakeLists.txt:
    The object file directory
  
      C:/Users/Admin/Documents/Codex/2026-05-17/can-you-look-at-this-app/magic-link-main/mobile/native-app/node_modules/expo-modules-core/android/.cxx/RelWithDebInfo/1281bo1r/arm64-v8a/CMakeFiles/expo-modules-core.dir/./
  
    has 214 characters.  The maximum full path to an object file is 250
    characters (see CMAKE_OBJECT_PATH_MAX).  Object file
  
      C_/Users/Admin/Documents/Codex/2026-05-17/can-you-look-at-this-app/magic-link-main/mobile/native-app/node_modules/expo-modules-core/common/cpp/SharedObject.cpp.o
  
    cannot be safely placed under this directory.  The build may not work
    correctly.
  
  
  CMake Warning in CMakeLists.txt:
    The object file directory
  
      C:/Users/Admin/Documents/Codex/2026-05-17/can-you-look-at-this-app/magic-link-main/mobile/native-app/node_modules/expo-modules-core/android/.cxx/RelWithDebInfo/1281bo1r/arm64-v8a/CMakeFiles/expo-modules-core.dir/./
  
    has 214 characters.  The maximum full path to an object file is 250
    characters (see CMAKE_OBJECT_PATH_MAX).  Object file
  
      C_/Users/Admin/Documents/Codex/2026-05-17/can-you-look-at-this-app/magic-link-main/mobile/native-app/node_modules/expo-modules-core/common/cpp/LazyObject.cpp.o
  
    cannot be safely placed under this directory.  The build may not work
    correctly.
  
  
  CMake Warning in CMakeLists.txt:
    The object file directory
  
      C:/Users/Admin/Documents/Codex/2026-05-17/can-you-look-at-this-app/magic-link-main/mobile/native-app/node_modules/expo-modules-core/android/.cxx/RelWithDebInfo/1281bo1r/arm64-v8a/CMakeFiles/expo-modules-core.dir/./
  
    has 214 characters.  The maximum full path to an object file is 250
    characters (see CMAKE_OBJECT_PATH_MAX).  Object file
  
      C_/Users/Admin/Documents/Codex/2026-05-17/can-you-look-at-this-app/magic-link-main/mobile/native-app/node_modules/expo-modules-core/common/cpp/LazyObject.cpp.o
  
    cannot be safely placed under this directory.  The build may not work
    correctly.
  
  
  CMake Warning in CMakeLists.txt:
    The object file directory
  
      C:/Users/Admin/Documents/Codex/2026-05-17/can-you-look-at-this-app/magic-link-main/mobile/native-app/node_modules/expo-modules-core/android/.cxx/RelWithDebInfo/1281bo1r/arm64-v8a/CMakeFiles/expo-modules-core.dir/./
  
    has 214 characters.  The maximum full path to an object file is 250
    characters (see CMAKE_OBJECT_PATH_MAX).  Object file
  
      C_/Users/Admin/Documents/Codex/2026-05-17/can-you-look-at-this-app/magic-link-main/mobile/native-app/node_modules/expo-modules-core/common/cpp/EventEmitter.cpp.o
  
    cannot be safely placed under this directory.  The build may not work
    correctly.
  
  
  CMake Warning in CMakeLists.txt:
    The object file directory
  
      C:/Users/Admin/Documents/Codex/2026-05-17/can-you-look-at-this-app/magic-link-main/mobile/native-app/node_modules/expo-modules-core/android/.cxx/RelWithDebInfo/1281bo1r/arm64-v8a/CMakeFiles/expo-modules-core.dir/./
  
    has 214 characters.  The maximum full path to an object file is 250
    characters (see CMAKE_OBJECT_PATH_MAX).  Object file
  
      C_/Users/Admin/Documents/Codex/2026-05-17/can-you-look-at-this-app/magic-link-main/mobile/native-app/node_modules/expo-modules-core/common/cpp/LazyObject.cpp.o
  
    cannot be safely placed under this directory.  The build may not work
    correctly.
  
  
  CMake Warning in CMakeLists.txt:
    The object file directory
  
      C:/Users/Admin/Documents/Codex/2026-05-17/can-you-look-at-this-app/magic-link-main/mobile/native-app/node_modules/expo-modules-core/android/.cxx/RelWithDebInfo/1281bo1r/arm64-v8a/CMakeFiles/expo-modules-core.dir/./
  
    has 214 characters.  The maximum full path to an object file is 250
    characters (see CMAKE_OBJECT_PATH_MAX).  Object file
  
      C_/Users/Admin/Documents/Codex/2026-05-17/can-you-look-at-this-app/magic-link-main/mobile/native-app/node_modules/expo-modules-core/common/cpp/EventEmitter.cpp.o
  
    cannot be safely placed under this directory.  The build may not work
    correctly.
  
  
  CMake Warning in CMakeLists.txt:
    The object file directory
  
      C:/Users/Admin/Documents/Codex/2026-05-17/can-you-look-at-this-app/magic-link-main/mobile/native-app/node_modules/expo-modules-core/android/.cxx/RelWithDebInfo/1281bo1r/arm64-v8a/CMakeFiles/expo-modules-core.dir/./
  
    has 214 characters.  The maximum full path to an object file is 250
    characters (see CMAKE_OBJECT_PATH_MAX).  Object file
  
      C_/Users/Admin/Documents/Codex/2026-05-17/can-you-look-at-this-app/magic-link-main/mobile/native-app/node_modules/expo-modules-core/common/cpp/JSIUtils.cpp.o
  
    cannot be safely placed under this directory.  The build may not work
    correctly.
  
  
  CMake Warning in CMakeLists.txt:
    The object file directory
  
      C:/Users/Admin/Documents/Codex/2026-05-17/can-you-look-at-this-app/magic-link-main/mobile/native-app/node_modules/expo-modules-core/android/.cxx/RelWithDebInfo/1281bo1r/arm64-v8a/CMakeFiles/expo-modules-core.dir/./
  
    has 214 characters.  The maximum full path to an object file is 250
    characters (see CMAKE_OBJECT_PATH_MAX).  Object file
  
      C_/Users/Admin/Documents/Codex/2026-05-17/can-you-look-at-this-app/magic-link-main/mobile/native-app/node_modules/expo-modules-core/common/cpp/JSIUtils.cpp.o
  
    cannot be safely placed under this directory.  The build may not work
    correctly.
  
  
  CMake Warning in CMakeLists.txt:
    The object file directory
  
      C:/Users/Admin/Documents/Codex/2026-05-17/can-you-look-at-this-app/magic-link-main/mobile/native-app/node_modules/expo-modules-core/android/.cxx/RelWithDebInfo/1281bo1r/arm64-v8a/CMakeFiles/expo-modules-core.dir/./
  
    has 214 characters.  The maximum full path to an object file is 250
    characters (see CMAKE_OBJECT_PATH_MAX).  Object file
  
      C_/Users/Admin/Documents/Codex/2026-05-17/can-you-look-at-this-app/magic-link-main/mobile/native-app/node_modules/expo-modules-core/common/cpp/JSIUtils.cpp.o
  
    cannot be safely placed under this directory.  The build may not work
    correctly.
  
  
  CMake Warning in CMakeLists.txt:
    The object file directory
  
      C:/Users/Admin/Documents/Codex/2026-05-17/can-you-look-at-this-app/magic-link-main/mobile/native-app/node_modules/expo-modules-core/android/.cxx/RelWithDebInfo/1281bo1r/arm64-v8a/CMakeFiles/expo-modules-core.dir/./
  
    has 214 characters.  The maximum full path to an object file is 250
    characters (see CMAKE_OBJECT_PATH_MAX).  Object file
  
      C_/Users/Admin/Documents/Codex/2026-05-17/can-you-look-at-this-app/magic-link-main/mobile/native-app/node_modules/expo-modules-core/common/cpp/EventEmitter.cpp.o
  
    cannot be safely placed under this directory.  The build may not work
    correctly.
  
  
  CMake Warning in CMakeLists.txt:
    The object file directory
  
      C:/Users/Admin/Documents/Codex/2026-05-17/can-you-look-at-this-app/magic-link-main/mobile/native-app/node_modules/expo-modules-core/android/.cxx/RelWithDebInfo/1281bo1r/arm64-v8a/CMakeFiles/expo-modules-core.dir/./
  
    has 214 characters.  The maximum full path to an object file is 250
    characters (see CMAKE_OBJECT_PATH_MAX).  Object file
  
      C_/Users/Admin/Documents/Codex/2026-05-17/can-you-look-at-this-app/magic-link-main/mobile/native-app/node_modules/expo-modules-core/common/cpp/LazyObject.cpp.o
  
    cannot be safely placed under this directory.  The build may not work
    correctly.
  
  
  CMake Warning in CMakeLists.txt:
    The object file directory
  
      C:/Users/Admin/Documents/Codex/2026-05-17/can-you-look-at-this-app/magic-link-main/mobile/native-app/node_modules/expo-modules-core/android/.cxx/RelWithDebInfo/1281bo1r/arm64-v8a/CMakeFiles/expo-modules-core.dir/./
  
    has 214 characters.  The maximum full path to an object file is 250
    characters (see CMAKE_OBJECT_PATH_MAX).  Object file
  
      C_/Users/Admin/Documents/Codex/2026-05-17/can-you-look-at-this-app/magic-link-main/mobile/native-app/node_modules/expo-modules-core/common/cpp/ObjectDeallocator.cpp.o
  
    cannot be safely placed under this directory.  The build may not work
    correctly.
  
  
  CMake Warning in CMakeLists.txt:
    The object file directory
  
      C:/Users/Admin/Documents/Codex/2026-05-17/can-you-look-at-this-app/magic-link-main/mobile/native-app/node_modules/expo-modules-core/android/.cxx/RelWithDebInfo/1281bo1r/arm64-v8a/CMakeFiles/expo-modules-core.dir/./
  
    has 214 characters.  The maximum full path to an object file is 250
    characters (see CMAKE_OBJECT_PATH_MAX).  Object file
  
      C_/Users/Admin/Documents/Codex/2026-05-17/can-you-look-at-this-app/magic-link-main/mobile/native-app/node_modules/expo-modules-core/common/cpp/JSIUtils.cpp.o
  
    cannot be safely placed under this directory.  The build may not work
    correctly.
  
  
  CMake Warning in CMakeLists.txt:
    The object file directory
  
      C:/Users/Admin/Documents/Codex/2026-05-17/can-you-look-at-this-app/magic-link-main/mobile/native-app/node_modules/expo-modules-core/android/.cxx/RelWithDebInfo/1281bo1r/arm64-v8a/CMakeFiles/expo-modules-core.dir/./
  
    has 214 characters.  The maximum full path to an object file is 250
    characters (see CMAKE_OBJECT_PATH_MAX).  Object file
  
      C_/Users/Admin/Documents/Codex/2026-05-17/can-you-look-at-this-app/magic-link-main/mobile/native-app/node_modules/expo-modules-core/common/cpp/JSIUtils.cpp.o
  
    cannot be safely placed under this directory.  The build may not work
    correctly.
  
  
  CMake Warning in CMakeLists.txt:
    The object file directory
  
      C:/Users/Admin/Documents/Codex/2026-05-17/can-you-look-at-this-app/magic-link-main/mobile/native-app/node_modules/expo-modules-core/android/.cxx/RelWithDebInfo/1281bo1r/arm64-v8a/CMakeFiles/expo-modules-core.dir/./
  
    has 214 characters.  The maximum full path to an object file is 250
    characters (see CMAKE_OBJECT_PATH_MAX).  Object file
  
      C_/Users/Admin/Documents/Codex/2026-05-17/can-you-look-at-this-app/magic-link-main/mobile/native-app/node_modules/expo-modules-core/common/cpp/ObjectDeallocator.cpp.o
  
    cannot be safely placed under this directory.  The build may not work
    correctly.
  
  
  CMake Warning in CMakeLists.txt:
    The object file directory
  
      C:/Users/Admin/Documents/Codex/2026-05-17/can-you-look-at-this-app/magic-link-main/mobile/native-app/node_modules/expo-modules-core/android/.cxx/RelWithDebInfo/1281bo1r/arm64-v8a/CMakeFiles/expo-modules-core.dir/./
  
    has 214 characters.  The maximum full path to an object file is 250
    characters (see CMAKE_OBJECT_PATH_MAX).  Object file
  
      C_/Users/Admin/Documents/Codex/2026-05-17/can-you-look-at-this-app/magic-link-main/mobile/native-app/node_modules/expo-modules-core/common/cpp/NativeModule.cpp.o
  
    cannot be safely placed under this directory.  The build may not work
    correctly.
  
  
  CMake Warning in CMakeLists.txt:
    The object file directory
  
      C:/Users/Admin/Documents/Codex/2026-05-17/can-you-look-at-this-app/magic-link-main/mobile/native-app/node_modules/expo-modules-core/android/.cxx/RelWithDebInfo/1281bo1r/arm64-v8a/CMakeFiles/expo-modules-core.dir/./
  
    has 214 characters.  The maximum full path to an object file is 250
    characters (see CMAKE_OBJECT_PATH_MAX).  Object file
  
      C_/Users/Admin/Documents/Codex/2026-05-17/can-you-look-at-this-app/magic-link-main/mobile/native-app/node_modules/expo-modules-core/common/cpp/ObjectDeallocator.cpp.o
  
    cannot be safely placed under this directory.  The build may not work
    correctly.
  
  
  CMake Warning in CMakeLists.txt:
    The object file directory
  
      C:/Users/Admin/Documents/Codex/2026-05-17/can-you-look-at-this-app/magic-link-main/mobile/native-app/node_modules/expo-modules-core/android/.cxx/RelWithDebInfo/1281bo1r/arm64-v8a/CMakeFiles/expo-modules-core.dir/./
  
    has 214 characters.  The maximum full path to an object file is 250
    characters (see CMAKE_OBJECT_PATH_MAX).  Object file
  
      C_/Users/Admin/Documents/Codex/2026-05-17/can-you-look-at-this-app/magic-link-main/mobile/native-app/node_modules/expo-modules-core/common/cpp/EventEmitter.cpp.o
  
    cannot be safely placed under this directory.  The build may not work
    correctly.
  
  
  CMake Warning in CMakeLists.txt:
    The object file directory
  
      C:/Users/Admin/Documents/Codex/2026-05-17/can-you-look-at-this-app/magic-link-main/mobile/native-app/node_modules/expo-modules-core/android/.cxx/RelWithDebInfo/1281bo1r/arm64-v8a/CMakeFiles/expo-modules-core.dir/./
  
    has 214 characters.  The maximum full path to an object file is 250
    characters (see CMAKE_OBJECT_PATH_MAX).  Object file
  
      C_/Users/Admin/Documents/Codex/2026-05-17/can-you-look-at-this-app/magic-link-main/mobile/native-app/node_modules/expo-modules-core/common/cpp/EventEmitter.cpp.o
  
    cannot be safely placed under this directory.  The build may not work
    correctly.
  
  
  CMake Warning in CMakeLists.txt:
    The object file directory
  
      C:/Users/Admin/Documents/Codex/2026-05-17/can-you-look-at-this-app/magic-link-main/mobile/native-app/node_modules/expo-modules-core/android/.cxx/RelWithDebInfo/1281bo1r/arm64-v8a/CMakeFiles/expo-modules-core.dir/./
  
    has 214 characters.  The maximum full path to an object file is 250
    characters (see CMAKE_OBJECT_PATH_MAX).  Object file
  
      C_/Users/Admin/Documents/Codex/2026-05-17/can-you-look-at-this-app/magic-link-main/mobile/native-app/node_modules/expo-modules-core/common/cpp/NativeModule.cpp.o
  
    cannot be safely placed under this directory.  The build may not work
    correctly.
  
  
  CMake Warning in CMakeLists.txt:
    The object file directory
  
      C:/Users/Admin/Documents/Codex/2026-05-17/can-you-look-at-this-app/magic-link-main/mobile/native-app/node_modules/expo-modules-core/android/.cxx/RelWithDebInfo/1281bo1r/arm64-v8a/CMakeFiles/expo-modules-core.dir/./
  
    has 214 characters.  The maximum full path to an object file is 250
    characters (see CMAKE_OBJECT_PATH_MAX).  Object file
  
      C_/Users/Admin/Documents/Codex/2026-05-17/can-you-look-at-this-app/magic-link-main/mobile/native-app/node_modules/expo-modules-core/common/cpp/SharedRef.cpp.o
  
    cannot be safely placed under this directory.  The build may not work
    correctly.
  
  
  CMake Warning in CMakeLists.txt:
    The object file directory
  
      C:/Users/Admin/Documents/Codex/2026-05-17/can-you-look-at-this-app/magic-link-main/mobile/native-app/node_modules/expo-modules-core/android/.cxx/RelWithDebInfo/1281bo1r/arm64-v8a/CMakeFiles/expo-modules-core.dir/./
  
    has 214 characters.  The maximum full path to an object file is 250
    characters (see CMAKE_OBJECT_PATH_MAX).  Object file
  
      C_/Users/Admin/Documents/Codex/2026-05-17/can-you-look-at-this-app/magic-link-main/mobile/native-app/node_modules/expo-modules-core/common/cpp/SharedObject.cpp.o
  
    cannot be safely placed under this directory.  The build may not work
    correctly.
  
  
  CMake Warning in CMakeLists.txt:
    The object file directory
  
      C:/Users/Admin/Documents/Codex/2026-05-17/can-you-look-at-this-app/magic-link-main/mobile/native-app/node_modules/expo-modules-core/android/.cxx/RelWithDebInfo/1281bo1r/arm64-v8a/CMakeFiles/expo-modules-core.dir/./
  
    has 214 characters.  The maximum full path to an object file is 250
    characters (see CMAKE_OBJECT_PATH_MAX).  Object file
  
      C_/Users/Admin/Documents/Codex/2026-05-17/can-you-look-at-this-app/magic-link-main/mobile/native-app/node_modules/expo-modules-core/common/cpp/JSIUtils.cpp.o
  
    cannot be safely placed under this directory.  The build may not work
    correctly.
  
  
  CMake Warning in CMakeLists.txt:
    The object file directory
  
      C:/Users/Admin/Documents/Codex/2026-05-17/can-you-look-at-this-app/magic-link-main/mobile/native-app/node_modules/expo-modules-core/android/.cxx/RelWithDebInfo/1281bo1r/arm64-v8a/CMakeFiles/expo-modules-core.dir/./
  
    has 214 characters.  The maximum full path to an object file is 250
    characters (see CMAKE_OBJECT_PATH_MAX).  Object file
  
      C_/Users/Admin/Documents/Codex/2026-05-17/can-you-look-at-this-app/magic-link-main/mobile/native-app/node_modules/expo-modules-core/common/cpp/LazyObject.cpp.o
  
    cannot be safely placed under this directory.  The build may not work
    correctly.
  
  
  CMake Warning in CMakeLists.txt:
    The object file directory
  
      C:/Users/Admin/Documents/Codex/2026-05-17/can-you-look-at-this-app/magic-link-main/mobile/native-app/node_modules/expo-modules-core/android/.cxx/RelWithDebInfo/1281bo1r/arm64-v8a/CMakeFiles/expo-modules-core.dir/./
  
    has 214 characters.  The maximum full path to an object file is 250
    characters (see CMAKE_OBJECT_PATH_MAX).  Object file
  
      C_/Users/Admin/Documents/Codex/2026-05-17/can-you-look-at-this-app/magic-link-main/mobile/native-app/node_modules/expo-modules-core/common/cpp/EventEmitter.cpp.o
  
    cannot be safely placed under this directory.  The build may not work
    correctly.
  
  
  CMake Warning in CMakeLists.txt:
    The object file directory
  
      C:/Users/Admin/Documents/Codex/2026-05-17/can-you-look-at-this-app/magic-link-main/mobile/native-app/node_modules/expo-modules-core/android/.cxx/RelWithDebInfo/1281bo1r/arm64-v8a/CMakeFiles/expo-modules-core.dir/./
  
    has 214 characters.  The maximum full path to an object file is 250
    characters (see CMAKE_OBJECT_PATH_MAX).  Object file
  
      C_/Users/Admin/Documents/Codex/2026-05-17/can-you-look-at-this-app/magic-link-main/mobile/native-app/node_modules/expo-modules-core/common/cpp/SharedObject.cpp.o
  
    cannot be safely placed under this directory.  The build may not work
    correctly.
  
  
  CMake Warning in CMakeLists.txt:
    The object file directory
  
      C:/Users/Admin/Documents/Codex/2026-05-17/can-you-look-at-this-app/magic-link-main/mobile/native-app/node_modules/expo-modules-core/android/.cxx/RelWithDebInfo/1281bo1r/arm64-v8a/CMakeFiles/expo-modules-core.dir/./
  
    has 214 characters.  The maximum full path to an object file is 250
    characters (see CMAKE_OBJECT_PATH_MAX).  Object file
  
      C_/Users/Admin/Documents/Codex/2026-05-17/can-you-look-at-this-app/magic-link-main/mobile/native-app/node_modules/expo-modules-core/common/cpp/JSIUtils.cpp.o
  
    cannot be safely placed under this directory.  The build may not work
    correctly.
  
  
  CMake Warning in CMakeLists.txt:
    The object file directory
  
      C:/Users/Admin/Documents/Codex/2026-05-17/can-you-look-at-this-app/magic-link-main/mobile/native-app/node_modules/expo-modules-core/android/.cxx/RelWithDebInfo/1281bo1r/arm64-v8a/CMakeFiles/expo-modules-core.dir/./
  
    has 214 characters.  The maximum full path to an object file is 250
    characters (see CMAKE_OBJECT_PATH_MAX).  Object file
  
      C_/Users/Admin/Documents/Codex/2026-05-17/can-you-look-at-this-app/magic-link-main/mobile/native-app/node_modules/expo-modules-core/common/cpp/SharedObject.cpp.o
  
    cannot be safely placed under this directory.  The build may not work
    correctly.
  
  
  CMake Warning in CMakeLists.txt:
    The object file directory
  
      C:/Users/Admin/Documents/Codex/2026-05-17/can-you-look-at-this-app/magic-link-main/mobile/native-app/node_modules/expo-modules-core/android/.cxx/RelWithDebInfo/1281bo1r/arm64-v8a/CMakeFiles/expo-modules-core.dir/./
  
    has 214 characters.  The maximum full path to an object file is 250
    characters (see CMAKE_OBJECT_PATH_MAX).  Object file
  
      C_/Users/Admin/Documents/Codex/2026-05-17/can-you-look-at-this-app/magic-link-main/mobile/native-app/node_modules/expo-modules-core/common/cpp/EventEmitter.cpp.o
  
    cannot be safely placed under this directory.  The build may not work
    correctly.
  
  
  CMake Warning in CMakeLists.txt:
    The object file directory
  
      C:/Users/Admin/Documents/Codex/2026-05-17/can-you-look-at-this-app/magic-link-main/mobile/native-app/node_modules/expo-modules-core/android/.cxx/RelWithDebInfo/1281bo1r/arm64-v8a/CMakeFiles/expo-modules-core.dir/./
  
    has 214 characters.  The maximum full path to an object file is 250
    characters (see CMAKE_OBJECT_PATH_MAX).  Object file
  
      C_/Users/Admin/Documents/Codex/2026-05-17/can-you-look-at-this-app/magic-link-main/mobile/native-app/node_modules/expo-modules-core/common/cpp/JSIUtils.cpp.o
  
    cannot be safely placed under this directory.  The build may not work
    correctly.
  
  
  CMake Warning in CMakeLists.txt:
    The object file directory
  
      C:/Users/Admin/Documents/Codex/2026-05-17/can-you-look-at-this-app/magic-link-main/mobile/native-app/node_modules/expo-modules-core/android/.cxx/RelWithDebInfo/1281bo1r/arm64-v8a/CMakeFiles/expo-modules-core.dir/./
  
    has 214 characters.  The maximum full path to an object file is 250
    characters (see CMAKE_OBJECT_PATH_MAX).  Object file
  
      C_/Users/Admin/Documents/Codex/2026-05-17/can-you-look-at-this-app/magic-link-main/mobile/native-app/node_modules/expo-modules-core/common/cpp/EventEmitter.cpp.o
  
    cannot be safely placed under this directory.  The build may not work
    correctly.
  
  
  CMake Warning in CMakeLists.txt:
    The object file directory
  
      C:/Users/Admin/Documents/Codex/2026-05-17/can-you-look-at-this-app/magic-link-main/mobile/native-app/node_modules/expo-modules-core/android/.cxx/RelWithDebInfo/1281bo1r/arm64-v8a/CMakeFiles/expo-modules-core.dir/./
  
    has 214 characters.  The maximum full path to an object file is 250
    characters (see CMAKE_OBJECT_PATH_MAX).  Object file
  
      C_/Users/Admin/Documents/Codex/2026-05-17/can-you-look-at-this-app/magic-link-main/mobile/native-app/node_modules/expo-modules-core/common/cpp/NativeModule.cpp.o
  
    cannot be safely placed under this directory.  The build may not work
    correctly.
  
  
  CMake Warning in CMakeLists.txt:
    The object file directory
  
      C:/Users/Admin/Documents/Codex/2026-05-17/can-you-look-at-this-app/magic-link-main/mobile/native-app/node_modules/expo-modules-core/android/.cxx/RelWithDebInfo/1281bo1r/arm64-v8a/CMakeFiles/expo-modules-core.dir/./
  
    has 214 characters.  The maximum full path to an object file is 250
    characters (see CMAKE_OBJECT_PATH_MAX).  Object file
  
      C_/Users/Admin/Documents/Codex/2026-05-17/can-you-look-at-this-app/magic-link-main/mobile/native-app/node_modules/expo-modules-core/common/cpp/ObjectDeallocator.cpp.o
  
    cannot be safely placed under this directory.  The build may not work
    correctly.
  
  
  CMake Warning in CMakeLists.txt:
    The object file directory
  
      C:/Users/Admin/Documents/Codex/2026-05-17/can-you-look-at-this-app/magic-link-main/mobile/native-app/node_modules/expo-modules-core/android/.cxx/RelWithDebInfo/1281bo1r/arm64-v8a/CMakeFiles/expo-modules-core.dir/./
  
    has 214 characters.  The maximum full path to an object file is 250
    characters (see CMAKE_OBJECT_PATH_MAX).  Object file
  
      C_/Users/Admin/Documents/Codex/2026-05-17/can-you-look-at-this-app/magic-link-main/mobile/native-app/node_modules/expo-modules-core/common/cpp/ObjectDeallocator.cpp.o
  
    cannot be safely placed under this directory.  The build may not work
    correctly.
  
  
  CMake Warning in CMakeLists.txt:
    The object file directory
  
      C:/Users/Admin/Documents/Codex/2026-05-17/can-you-look-at-this-app/magic-link-main/mobile/native-app/node_modules/expo-modules-core/android/.cxx/RelWithDebInfo/1281bo1r/arm64-v8a/CMakeFiles/expo-modules-core.dir/./
  
    has 214 characters.  The maximum full path to an object file is 250
    characters (see CMAKE_OBJECT_PATH_MAX).  Object file
  
      C_/Users/Admin/Documents/Codex/2026-05-17/can-you-look-at-this-app/magic-link-main/mobile/native-app/node_modules/expo-modules-core/common/cpp/EventEmitter.cpp.o
  
    cannot be safely placed under this directory.  The build may not work
    correctly.
  
  
  CMake Warning in CMakeLists.txt:
    The object file directory
  
      C:/Users/Admin/Documents/Codex/2026-05-17/can-you-look-at-this-app/magic-link-main/mobile/native-app/node_modules/expo-modules-core/android/.cxx/RelWithDebInfo/1281bo1r/arm64-v8a/CMakeFiles/expo-modules-core.dir/./
  
    has 214 characters.  The maximum full path to an object file is 250
    characters (see CMAKE_OBJECT_PATH_MAX).  Object file
  
      C_/Users/Admin/Documents/Codex/2026-05-17/can-you-look-at-this-app/magic-link-main/mobile/native-app/node_modules/expo-modules-core/common/cpp/NativeModule.cpp.o
  
    cannot be safely placed under this directory.  The build may not work
    correctly.
  
  
  CMake Warning in CMakeLists.txt:
    The object file directory
  
      C:/Users/Admin/Documents/Codex/2026-05-17/can-you-look-at-this-app/magic-link-main/mobile/native-app/node_modules/expo-modules-core/android/.cxx/RelWithDebInfo/1281bo1r/arm64-v8a/CMakeFiles/expo-modules-core.dir/./
  
    has 214 characters.  The maximum full path to an object file is 250
    characters (see CMAKE_OBJECT_PATH_MAX).  Object file
  
      C_/Users/Admin/Documents/Codex/2026-05-17/can-you-look-at-this-app/magic-link-main/mobile/native-app/node_modules/expo-modules-core/common/cpp/SharedObject.cpp.o
  
    cannot be safely placed under this directory.  The build may not work
    correctly.
  
  
  CMake Warning in CMakeLists.txt:
    The object file directory
  
      C:/Users/Admin/Documents/Codex/2026-05-17/can-you-look-at-this-app/magic-link-main/mobile/native-app/node_modules/expo-modules-core/android/.cxx/RelWithDebInfo/1281bo1r/arm64-v8a/CMakeFiles/expo-modules-core.dir/./
  
    has 214 characters.  The maximum full path to an object file is 250
    characters (see CMAKE_OBJECT_PATH_MAX).  Object file
  
      src/main/cpp/JavaScriptModuleObject.cpp.o
  
    cannot be safely placed under this directory.  The build may not work
    correctly.
  
  
  CMake Warning in CMakeLists.txt:
    The object file directory
  
      C:/Users/Admin/Documents/Codex/2026-05-17/can-you-look-at-this-app/magic-link-main/mobile/native-app/node_modules/expo-modules-core/android/.cxx/RelWithDebInfo/1281bo1r/arm64-v8a/CMakeFiles/expo-modules-core.dir/./
  
    has 214 characters.  The maximum full path to an object file is 250
    characters (see CMAKE_OBJECT_PATH_MAX).  Object file
  
      C_/Users/Admin/Documents/Codex/2026-05-17/can-you-look-at-this-app/magic-link-main/mobile/native-app/node_modules/expo-modules-core/common/cpp/ObjectDeallocator.cpp.o
  
    cannot be safely placed under this directory.  The build may not work
    correctly.
  
  
  CMake Warning in CMakeLists.txt:
    The object file directory
  
      C:/Users/Admin/Documents/Codex/2026-05-17/can-you-look-at-this-app/magic-link-main/mobile/native-app/node_modules/expo-modules-core/android/.cxx/RelWithDebInfo/1281bo1r/arm64-v8a/CMakeFiles/expo-modules-core.dir/./
  
    has 214 characters.  The maximum full path to an object file is 250
    characters (see CMAKE_OBJECT_PATH_MAX).  Object file
  
      C_/Users/Admin/Documents/Codex/2026-05-17/can-you-look-at-this-app/magic-link-main/mobile/native-app/node_modules/expo-modules-core/common/cpp/NativeModule.cpp.o
  
    cannot be safely placed under this directory.  The build may not work
    correctly.
  
  
  CMake Warning in CMakeLists.txt:
    The object file directory
  
      C:/Users/Admin/Documents/Codex/2026-05-17/can-you-look-at-this-app/magic-link-main/mobile/native-app/node_modules/expo-modules-core/android/.cxx/RelWithDebInfo/1281bo1r/arm64-v8a/CMakeFiles/expo-modules-core.dir/./
  
    has 214 characters.  The maximum full path to an object file is 250
    characters (see CMAKE_OBJECT_PATH_MAX).  Object file
  
      C_/Users/Admin/Documents/Codex/2026-05-17/can-you-look-at-this-app/magic-link-main/mobile/native-app/node_modules/expo-modules-core/common/cpp/NativeModule.cpp.o
  
    cannot be safely placed under this directory.  The build may not work
    correctly.
  
  
  CMake Warning in CMakeLists.txt:
    The object file directory
  
      C:/Users/Admin/Documents/Codex/2026-05-17/can-you-look-at-this-app/magic-link-main/mobile/native-app/node_modules/expo-modules-core/android/.cxx/RelWithDebInfo/1281bo1r/arm64-v8a/CMakeFiles/expo-modules-core.dir/./
  
    has 214 characters.  The maximum full path to an object file is 250
    characters (see CMAKE_OBJECT_PATH_MAX).  Object file
  
      C_/Users/Admin/Documents/Codex/2026-05-17/can-you-look-at-this-app/magic-link-main/mobile/native-app/node_modules/expo-modules-core/common/cpp/EventEmitter.cpp.o
  
    cannot be safely placed under this directory.  The build may not work
    correctly.
  
  
  CMake Warning in CMakeLists.txt:
    The object file directory
  
      C:/Users/Admin/Documents/Codex/2026-05-17/can-you-look-at-this-app/magic-link-main/mobile/native-app/node_modules/expo-modules-core/android/.cxx/RelWithDebInfo/1281bo1r/arm64-v8a/CMakeFiles/expo-modules-core.dir/./
  
    has 214 characters.  The maximum full path to an object file is 250
    characters (see CMAKE_OBJECT_PATH_MAX).  Object file
  
      C_/Users/Admin/Documents/Codex/2026-05-17/can-you-look-at-this-app/magic-link-main/mobile/native-app/node_modules/expo-modules-core/common/cpp/EventEmitter.cpp.o
  
    cannot be safely placed under this directory.  The build may not work
    correctly.
  
  
  CMake Warning in CMakeLists.txt:
    The object file directory
  
      C:/Users/Admin/Documents/Codex/2026-05-17/can-you-look-at-this-app/magic-link-main/mobile/native-app/node_modules/expo-modules-core/android/.cxx/RelWithDebInfo/1281bo1r/arm64-v8a/CMakeFiles/expo-modules-core.dir/./
  
    has 214 characters.  The maximum full path to an object file is 250
    characters (see CMAKE_OBJECT_PATH_MAX).  Object file
  
      C_/Users/Admin/Documents/Codex/2026-05-17/can-you-look-at-this-app/magic-link-main/mobile/native-app/node_modules/expo-modules-core/common/cpp/JSIUtils.cpp.o
  
    cannot be safely placed under this directory.  The build may not work
    correctly.
  
  
  CMake Warning in CMakeLists.txt:
    The object file directory
  
      C:/Users/Admin/Documents/Codex/2026-05-17/can-you-look-at-this-app/magic-link-main/mobile/native-app/node_modules/expo-modules-core/android/.cxx/RelWithDebInfo/1281bo1r/arm64-v8a/CMakeFiles/expo-modules-core.dir/./
  
    has 214 characters.  The maximum full path to an object file is 250
    characters (see CMAKE_OBJECT_PATH_MAX).  Object file
  
      C_/Users/Admin/Documents/Codex/2026-05-17/can-you-look-at-this-app/magic-link-main/mobile/native-app/node_modules/expo-modules-core/common/cpp/EventEmitter.cpp.o
  
    cannot be safely placed under this directory.  The build may not work
    correctly.
  
  
  CMake Warning in CMakeLists.txt:
    The object file directory
  
      C:/Users/Admin/Documents/Codex/2026-05-17/can-you-look-at-this-app/magic-link-main/mobile/native-app/node_modules/expo-modules-core/android/.cxx/RelWithDebInfo/1281bo1r/arm64-v8a/CMakeFiles/expo-modules-core.dir/./
  
    has 214 characters.  The maximum full path to an object file is 250
    characters (see CMAKE_OBJECT_PATH_MAX).  Object file
  
      C_/Users/Admin/Documents/Codex/2026-05-17/can-you-look-at-this-app/magic-link-main/mobile/native-app/node_modules/expo-modules-core/common/cpp/LazyObject.cpp.o
  
    cannot be safely placed under this directory.  The build may not work
    correctly.
  
  
  CMake Warning in CMakeLists.txt:
    The object file directory
  
      C:/Users/Admin/Documents/Codex/2026-05-17/can-you-look-at-this-app/magic-link-main/mobile/native-app/node_modules/expo-modules-core/android/.cxx/RelWithDebInfo/1281bo1r/arm64-v8a/CMakeFiles/expo-modules-core.dir/./
  
    has 214 characters.  The maximum full path to an object file is 250
    characters (see CMAKE_OBJECT_PATH_MAX).  Object file
  
      C_/Users/Admin/Documents/Codex/2026-05-17/can-you-look-at-this-app/magic-link-main/mobile/native-app/node_modules/expo-modules-core/common/cpp/SharedRef.cpp.o
  
    cannot be safely placed under this directory.  The build may not work
    correctly.
  
  
  CMake Warning in CMakeLists.txt:
    The object file directory
  
      C:/Users/Admin/Documents/Codex/2026-05-17/can-you-look-at-this-app/magic-link-main/mobile/native-app/node_modules/expo-modules-core/android/.cxx/RelWithDebInfo/1281bo1r/arm64-v8a/CMakeFiles/expo-modules-core.dir/./
  
    has 214 characters.  The maximum full path to an object file is 250
    characters (see CMAKE_OBJECT_PATH_MAX).  Object file
  
      C_/Users/Admin/Documents/Codex/2026-05-17/can-you-look-at-this-app/magic-link-main/mobile/native-app/node_modules/expo-modules-core/common/cpp/JSIUtils.cpp.o
  
    cannot be safely placed under this directory.  The build may not work
    correctly.
  
  
  CMake Warning in CMakeLists.txt:
    The object file directory
  
      C:/Users/Admin/Documents/Codex/2026-05-17/can-you-look-at-this-app/magic-link-main/mobile/native-app/node_modules/expo-modules-core/android/.cxx/RelWithDebInfo/1281bo1r/arm64-v8a/CMakeFiles/expo-modules-core.dir/./
  
    has 214 characters.  The maximum full path to an object file is 250
    characters (see CMAKE_OBJECT_PATH_MAX).  Object file
  
      C_/Users/Admin/Documents/Codex/2026-05-17/can-you-look-at-this-app/magic-link-main/mobile/native-app/node_modules/expo-modules-core/common/cpp/ObjectDeallocator.cpp.o
  
    cannot be safely placed under this directory.  The build may not work
    correctly.
  
  
  CMake Warning in CMakeLists.txt:
    The object file directory
  
      C:/Users/Admin/Documents/Codex/2026-05-17/can-you-look-at-this-app/magic-link-main/mobile/native-app/node_modules/expo-modules-core/android/.cxx/RelWithDebInfo/1281bo1r/arm64-v8a/CMakeFiles/expo-modules-core.dir/./
  
    has 214 characters.  The maximum full path to an object file is 250
    characters (see CMAKE_OBJECT_PATH_MAX).  Object file
  
      C_/Users/Admin/Documents/Codex/2026-05-17/can-you-look-at-this-app/magic-link-main/mobile/native-app/node_modules/expo-modules-core/common/cpp/SharedObject.cpp.o
  
    cannot be safely placed under this directory.  The build may not work
    correctly.
  
  
  CMake Warning in CMakeLists.txt:
    The object file directory
  
      C:/Users/Admin/Documents/Codex/2026-05-17/can-you-look-at-this-app/magic-link-main/mobile/native-app/node_modules/expo-modules-core/android/.cxx/RelWithDebInfo/1281bo1r/arm64-v8a/CMakeFiles/expo-modules-core.dir/./
  
    has 214 characters.  The maximum full path to an object file is 250
    characters (see CMAKE_OBJECT_PATH_MAX).  Object file
  
      C_/Users/Admin/Documents/Codex/2026-05-17/can-you-look-at-this-app/magic-link-main/mobile/native-app/node_modules/expo-modules-core/common/cpp/JSIUtils.cpp.o
  
    cannot be safely placed under this directory.  The build may not work
    correctly.
  
  
  CMake Warning in CMakeLists.txt:
    The object file directory
  
      C:/Users/Admin/Documents/Codex/2026-05-17/can-you-look-at-this-app/magic-link-main/mobile/native-app/node_modules/expo-modules-core/android/.cxx/RelWithDebInfo/1281bo1r/arm64-v8a/CMakeFiles/expo-modules-core.dir/./
  
    has 214 characters.  The maximum full path to an object file is 250
    characters (see CMAKE_OBJECT_PATH_MAX).  Object file
  
      C_/Users/Admin/Documents/Codex/2026-05-17/can-you-look-at-this-app/magic-link-main/mobile/native-app/node_modules/expo-modules-core/common/cpp/SharedObject.cpp.o
  
    cannot be safely placed under this directory.  The build may not work
    correctly.
  
  
  CMake Warning in CMakeLists.txt:
    The object file directory
  
      C:/Users/Admin/Documents/Codex/2026-05-17/can-you-look-at-this-app/magic-link-main/mobile/native-app/node_modules/expo-modules-core/android/.cxx/RelWithDebInfo/1281bo1r/arm64-v8a/CMakeFiles/expo-modules-core.dir/./
  
    has 214 characters.  The maximum full path to an object file is 250
    characters (see CMAKE_OBJECT_PATH_MAX).  Object file
  
      C_/Users/Admin/Documents/Codex/2026-05-17/can-you-look-at-this-app/magic-link-main/mobile/native-app/node_modules/expo-modules-core/common/cpp/LazyObject.cpp.o
  
    cannot be safely placed under this directory.  The build may not work
    correctly.
  
  
  CMake Warning in CMakeLists.txt:
    The object file directory
  
      C:/Users/Admin/Documents/Codex/2026-05-17/can-you-look-at-this-app/magic-link-main/mobile/native-app/node_modules/expo-modules-core/android/.cxx/RelWithDebInfo/1281bo1r/arm64-v8a/CMakeFiles/expo-modules-core.dir/./
  
    has 214 characters.  The maximum full path to an object file is 250
    characters (see CMAKE_OBJECT_PATH_MAX).  Object file
  
      C_/Users/Admin/Documents/Codex/2026-05-17/can-you-look-at-this-app/magic-link-main/mobile/native-app/node_modules/expo-modules-core/common/cpp/JSIUtils.cpp.o
  
    cannot be safely placed under this directory.  The build may not work
    correctly.
  
  
  CMake Warning in CMakeLists.txt:
    The object file directory
  
      C:/Users/Admin/Documents/Codex/2026-05-17/can-you-look-at-this-app/magic-link-main/mobile/native-app/node_modules/expo-modules-core/android/.cxx/RelWithDebInfo/1281bo1r/arm64-v8a/CMakeFiles/expo-modules-core.dir/./
  
    has 214 characters.  The maximum full path to an object file is 250
    characters (see CMAKE_OBJECT_PATH_MAX).  Object file
  
      C_/Users/Admin/Documents/Codex/2026-05-17/can-you-look-at-this-app/magic-link-main/mobile/native-app/node_modules/expo-modules-core/common/cpp/NativeModule.cpp.o
  
    cannot be safely placed under this directory.  The build may not work
    correctly.
  
  
  CMake Warning in CMakeLists.txt:
    The object file directory
  
      C:/Users/Admin/Documents/Codex/2026-05-17/can-you-look-at-this-app/magic-link-main/mobile/native-app/node_modules/expo-modules-core/android/.cxx/RelWithDebInfo/1281bo1r/arm64-v8a/CMakeFiles/expo-modules-core.dir/./
  
    has 214 characters.  The maximum full path to an object file is 250
    characters (see CMAKE_OBJECT_PATH_MAX).  Object file
  
      C_/Users/Admin/Documents/Codex/2026-05-17/can-you-look-at-this-app/magic-link-main/mobile/native-app/node_modules/expo-modules-core/common/cpp/JSIUtils.cpp.o
  
    cannot be safely placed under this directory.  The build may not work
    correctly.
  
  
  CMake Warning in CMakeLists.txt:
    The object file directory
  
      C:/Users/Admin/Documents/Codex/2026-05-17/can-you-look-at-this-app/magic-link-main/mobile/native-app/node_modules/expo-modules-core/android/.cxx/RelWithDebInfo/1281bo1r/arm64-v8a/CMakeFiles/expo-modules-core.dir/./
  
    has 214 characters.  The maximum full path to an object file is 250
    characters (see CMAKE_OBJECT_PATH_MAX).  Object file
  
      C_/Users/Admin/Documents/Codex/2026-05-17/can-you-look-at-this-app/magic-link-main/mobile/native-app/node_modules/expo-modules-core/common/cpp/JSIUtils.cpp.o
  
    cannot be safely placed under this directory.  The build may not work
    correctly.
  
  
  CMake Warning in CMakeLists.txt:
    The object file directory
  
      C:/Users/Admin/Documents/Codex/2026-05-17/can-you-look-at-this-app/magic-link-main/mobile/native-app/node_modules/expo-modules-core/android/.cxx/RelWithDebInfo/1281bo1r/arm64-v8a/CMakeFiles/expo-modules-core.dir/./
  
    has 214 characters.  The maximum full path to an object file is 250
    characters (see CMAKE_OBJECT_PATH_MAX).  Object file
  
      C_/Users/Admin/Documents/Codex/2026-05-17/can-you-look-at-this-app/magic-link-main/mobile/native-app/node_modules/expo-modules-core/common/cpp/EventEmitter.cpp.o
  
    cannot be safely placed under this directory.  The build may not work
    correctly.
  
  
  CMake Warning in CMakeLists.txt:
    The object file directory
  
      C:/Users/Admin/Documents/Codex/2026-05-17/can-you-look-at-this-app/magic-link-main/mobile/native-app/node_modules/expo-modules-core/android/.cxx/RelWithDebInfo/1281bo1r/arm64-v8a/CMakeFiles/expo-modules-core.dir/./
  
    has 214 characters.  The maximum full path to an object file is 250
    characters (see CMAKE_OBJECT_PATH_MAX).  Object file
  
      C_/Users/Admin/Documents/Codex/2026-05-17/can-you-look-at-this-app/magic-link-main/mobile/native-app/node_modules/expo-modules-core/common/cpp/EventEmitter.cpp.o
  
    cannot be safely placed under this directory.  The build may not work
    correctly.
  
  
  CMake Warning in CMakeLists.txt:
    The object file directory
  
      C:/Users/Admin/Documents/Codex/2026-05-17/can-you-look-at-this-app/magic-link-main/mobile/native-app/node_modules/expo-modules-core/android/.cxx/RelWithDebInfo/1281bo1r/arm64-v8a/CMakeFiles/expo-modules-core.dir/./
  
    has 214 characters.  The maximum full path to an object file is 250
    characters (see CMAKE_OBJECT_PATH_MAX).  Object file
  
      C_/Users/Admin/Documents/Codex/2026-05-17/can-you-look-at-this-app/magic-link-main/mobile/native-app/node_modules/expo-modules-core/common/cpp/JSIUtils.cpp.o
  
    cannot be safely placed under this directory.  The build may not work
    correctly.
  
  
  CMake Warning in CMakeLists.txt:
    The object file directory
  
      C:/Users/Admin/Documents/Codex/2026-05-17/can-you-look-at-this-app/magic-link-main/mobile/native-app/node_modules/expo-modules-core/android/.cxx/RelWithDebInfo/1281bo1r/arm64-v8a/CMakeFiles/expo-modules-core.dir/./
  
    has 214 characters.  The maximum full path to an object file is 250
    characters (see CMAKE_OBJECT_PATH_MAX).  Object file
  
      C_/Users/Admin/Documents/Codex/2026-05-17/can-you-look-at-this-app/magic-link-main/mobile/native-app/node_modules/expo-modules-core/common/cpp/JSIUtils.cpp.o
  
    cannot be safely placed under this directory.  The build may not work
    correctly.
  
  
  CMake Warning in CMakeLists.txt:
    The object file directory
  
      C:/Users/Admin/Documents/Codex/2026-05-17/can-you-look-at-this-app/magic-link-main/mobile/native-app/node_modules/expo-modules-core/android/.cxx/RelWithDebInfo/1281bo1r/arm64-v8a/CMakeFiles/expo-modules-core.dir/./
  
    has 214 characters.  The maximum full path to an object file is 250
    characters (see CMAKE_OBJECT_PATH_MAX).  Object file
  
      C_/Users/Admin/Documents/Codex/2026-05-17/can-you-look-at-this-app/magic-link-main/mobile/native-app/node_modules/expo-modules-core/common/cpp/JSIUtils.cpp.o
  
    cannot be safely placed under this directory.  The build may not work
    correctly.
  
  
  CMake Warning in CMakeLists.txt:
    The object file directory
  
      C:/Users/Admin/Documents/Codex/2026-05-17/can-you-look-at-this-app/magic-link-main/mobile/native-app/node_modules/expo-modules-core/android/.cxx/RelWithDebInfo/1281bo1r/arm64-v8a/CMakeFiles/expo-modules-core.dir/./
  
    has 214 characters.  The maximum full path to an object file is 250
    characters (see CMAKE_OBJECT_PATH_MAX).  Object file
  
      C_/Users/Admin/Documents/Codex/2026-05-17/can-you-look-at-this-app/magic-link-main/mobile/native-app/node_modules/expo-modules-core/common/cpp/TypedArray.cpp.o
  
    cannot be safely placed under this directory.  The build may not work
    correctly.
  
  
  CMake Warning in CMakeLists.txt:
    The object file directory
  
      C:/Users/Admin/Documents/Codex/2026-05-17/can-you-look-at-this-app/magic-link-main/mobile/native-app/node_modules/expo-modules-core/android/.cxx/RelWithDebInfo/1281bo1r/arm64-v8a/CMakeFiles/expo-modules-core.dir/./
  
    has 214 characters.  The maximum full path to an object file is 250
    characters (see CMAKE_OBJECT_PATH_MAX).  Object file
  
      C_/Users/Admin/Documents/Codex/2026-05-17/can-you-look-at-this-app/magic-link-main/mobile/native-app/node_modules/expo-modules-core/common/cpp/EventEmitter.cpp.o
  
    cannot be safely placed under this directory.  The build may not work
    correctly.
  
  
  CMake Warning in CMakeLists.txt:
    The object file directory
  
      C:/Users/Admin/Documents/Codex/2026-05-17/can-you-look-at-this-app/magic-link-main/mobile/native-app/node_modules/expo-modules-core/android/.cxx/RelWithDebInfo/1281bo1r/arm64-v8a/CMakeFiles/expo-modules-core.dir/./
  
    has 214 characters.  The maximum full path to an object file is 250
    characters (see CMAKE_OBJECT_PATH_MAX).  Object file
  
      C_/Users/Admin/Documents/Codex/2026-05-17/can-you-look-at-this-app/magic-link-main/mobile/native-app/node_modules/expo-modules-core/common/cpp/EventEmitter.cpp.o
  
    cannot be safely placed under this directory.  The build may not work
    correctly.
  
  
  CMake Warning in CMakeLists.txt:
    The object file directory
  
      C:/Users/Admin/Documents/Codex/2026-05-17/can-you-look-at-this-app/magic-link-main/mobile/native-app/node_modules/expo-modules-core/android/.cxx/RelWithDebInfo/1281bo1r/arm64-v8a/CMakeFiles/expo-modules-core.dir/./
  
    has 214 characters.  The maximum full path to an object file is 250
    characters (see CMAKE_OBJECT_PATH_MAX).  Object file
  
      C_/Users/Admin/Documents/Codex/2026-05-17/can-you-look-at-this-app/magic-link-main/mobile/native-app/node_modules/expo-modules-core/common/cpp/SharedRef.cpp.o
  
    cannot be safely placed under this directory.  The build may not work
    correctly.
  
  
  CMake Warning in CMakeLists.txt:
    The object file directory
  
      C:/Users/Admin/Documents/Codex/2026-05-17/can-you-look-at-this-app/magic-link-main/mobile/native-app/node_modules/expo-modules-core/android/.cxx/RelWithDebInfo/1281bo1r/arm64-v8a/CMakeFiles/expo-modules-core.dir/./
  
    has 214 characters.  The maximum full path to an object file is 250
    characters (see CMAKE_OBJECT_PATH_MAX).  Object file
  
      C_/Users/Admin/Documents/Codex/2026-05-17/can-you-look-at-this-app/magic-link-main/mobile/native-app/node_modules/expo-modules-core/common/cpp/EventEmitter.cpp.o
  
    cannot be safely placed under this directory.  The build may not work
    correctly.
  
  
  CMake Warning in CMakeLists.txt:
    The object file directory
  
      C:/Users/Admin/Documents/Codex/2026-05-17/can-you-look-at-this-app/magic-link-main/mobile/native-app/node_modules/expo-modules-core/android/.cxx/RelWithDebInfo/1281bo1r/arm64-v8a/CMakeFiles/expo-modules-core.dir/./
  
    has 214 characters.  The maximum full path to an object file is 250
    characters (see CMAKE_OBJECT_PATH_MAX).  Object file
  
      C_/Users/Admin/Documents/Codex/2026-05-17/can-you-look-at-this-app/magic-link-main/mobile/native-app/node_modules/expo-modules-core/common/cpp/EventEmitter.cpp.o
  
    cannot be safely placed under this directory.  The build may not work
    correctly.
  
  
  CMake Warning in CMakeLists.txt:
    The object file directory
  
      C:/Users/Admin/Documents/Codex/2026-05-17/can-you-look-at-this-app/magic-link-main/mobile/native-app/node_modules/expo-modules-core/android/.cxx/RelWithDebInfo/1281bo1r/arm64-v8a/CMakeFiles/expo-modules-core.dir/./
  
    has 214 characters.  The maximum full path to an object file is 250
    characters (see CMAKE_OBJECT_PATH_MAX).  Object file
  
      C_/Users/Admin/Documents/Codex/2026-05-17/can-you-look-at-this-app/magic-link-main/mobile/native-app/node_modules/expo-modules-core/common/cpp/EventEmitter.cpp.o
  
    cannot be safely placed under this directory.  The build may not work
    correctly.
  
  
  CMake Warning in CMakeLists.txt:
    The object file directory
  
      C:/Users/Admin/Documents/Codex/2026-05-17/can-you-look-at-this-app/magic-link-main/mobile/native-app/node_modules/expo-modules-core/android/.cxx/RelWithDebInfo/1281bo1r/arm64-v8a/CMakeFiles/expo-modules-core.dir/./
  
    has 214 characters.  The maximum full path to an object file is 250
    characters (see CMAKE_OBJECT_PATH_MAX).  Object file
  
      C_/Users/Admin/Documents/Codex/2026-05-17/can-you-look-at-this-app/magic-link-main/mobile/native-app/node_modules/expo-modules-core/common/cpp/LazyObject.cpp.o
  
    cannot be safely placed under this directory.  The build may not work
    correctly.
  
  
  CMake Warning in CMakeLists.txt:
    The object file directory
  
      C:/Users/Admin/Documents/Codex/2026-05-17/can-you-look-at-this-app/magic-link-main/mobile/native-app/node_modules/expo-modules-core/android/.cxx/RelWithDebInfo/1281bo1r/arm64-v8a/CMakeFiles/expo-modules-core.dir/./
  
    has 214 characters.  The maximum full path to an object file is 250
    characters (see CMAKE_OBJECT_PATH_MAX).  Object file
  
      C_/Users/Admin/Documents/Codex/2026-05-17/can-you-look-at-this-app/magic-link-main/mobile/native-app/node_modules/expo-modules-core/common/cpp/JSIUtils.cpp.o
  
    cannot be safely placed under this directory.  The build may not work
    correctly.
  
  
  CMake Warning in CMakeLists.txt:
    The object file directory
  
      C:/Users/Admin/Documents/Codex/2026-05-17/can-you-look-at-this-app/magic-link-main/mobile/native-app/node_modules/expo-modules-core/android/.cxx/RelWithDebInfo/1281bo1r/arm64-v8a/CMakeFiles/expo-modules-core.dir/./
  
    has 214 characters.  The maximum full path to an object file is 250
    characters (see CMAKE_OBJECT_PATH_MAX).  Object file
  
      C_/Users/Admin/Documents/Codex/2026-05-17/can-you-look-at-this-app/magic-link-main/mobile/native-app/node_modules/expo-modules-core/common/cpp/SharedRef.cpp.o
  
    cannot be safely placed under this directory.  The build may not work
    correctly.
  
  
  CMake Warning in CMakeLists.txt:
    The object file directory
  
      C:/Users/Admin/Documents/Codex/2026-05-17/can-you-look-at-this-app/magic-link-main/mobile/native-app/node_modules/expo-modules-core/android/.cxx/RelWithDebInfo/1281bo1r/arm64-v8a/CMakeFiles/expo-modules-core.dir/./
  
    has 214 characters.  The maximum full path to an object file is 250
    characters (see CMAKE_OBJECT_PATH_MAX).  Object file
  
      C_/Users/Admin/Documents/Codex/2026-05-17/can-you-look-at-this-app/magic-link-main/mobile/native-app/node_modules/expo-modules-core/common/cpp/JSIUtils.cpp.o
  
    cannot be safely placed under this directory.  The build may not work
    correctly.
  
  
  CMake Warning in CMakeLists.txt:
    The object file directory
  
      C:/Users/Admin/Documents/Codex/2026-05-17/can-you-look-at-this-app/magic-link-main/mobile/native-app/node_modules/expo-modules-core/android/.cxx/RelWithDebInfo/1281bo1r/arm64-v8a/CMakeFiles/expo-modules-core.dir/./
  
    has 214 characters.  The maximum full path to an object file is 250
    characters (see CMAKE_OBJECT_PATH_MAX).  Object file
  
      C_/Users/Admin/Documents/Codex/2026-05-17/can-you-look-at-this-app/magic-link-main/mobile/native-app/node_modules/expo-modules-core/common/cpp/JSIUtils.cpp.o
  
    cannot be safely placed under this directory.  The build may not work
    correctly.
  
  
  CMake Warning in CMakeLists.txt:
    The object file directory
  
      C:/Users/Admin/Documents/Codex/2026-05-17/can-you-look-at-this-app/magic-link-main/mobile/native-app/node_modules/expo-modules-core/android/.cxx/RelWithDebInfo/1281bo1r/arm64-v8a/CMakeFiles/expo-modules-core.dir/./
  
    has 214 characters.  The maximum full path to an object file is 250
    characters (see CMAKE_OBJECT_PATH_MAX).  Object file
  
      C_/Users/Admin/Documents/Codex/2026-05-17/can-you-look-at-this-app/magic-link-main/mobile/native-app/node_modules/expo-modules-core/common/cpp/SharedObject.cpp.o
  
    cannot be safely placed under this directory.  The build may not work
    correctly.
  
  
  CMake Warning in CMakeLists.txt:
    The object file directory
  
      C:/Users/Admin/Documents/Codex/2026-05-17/can-you-look-at-this-app/magic-link-main/mobile/native-app/node_modules/expo-modules-core/android/.cxx/RelWithDebInfo/1281bo1r/arm64-v8a/CMakeFiles/expo-modules-core.dir/./
  
    has 214 characters.  The maximum full path to an object file is 250
    characters (see CMAKE_OBJECT_PATH_MAX).  Object file
  
      C_/Users/Admin/Documents/Codex/2026-05-17/can-you-look-at-this-app/magic-link-main/mobile/native-app/node_modules/expo-modules-core/common/cpp/NativeModule.cpp.o
  
    cannot be safely placed under this directory.  The build may not work
    correctly.
  
  
  CMake Warning in CMakeLists.txt:
    The object file directory
  
      C:/Users/Admin/Documents/Codex/2026-05-17/can-you-look-at-this-app/magic-link-main/mobile/native-app/node_modules/expo-modules-core/android/.cxx/RelWithDebInfo/1281bo1r/arm64-v8a/CMakeFiles/expo-modules-core.dir/./
  
    has 214 characters.  The maximum full path to an object file is 250
    characters (see CMAKE_OBJECT_PATH_MAX).  Object file
  
      C_/Users/Admin/Documents/Codex/2026-05-17/can-you-look-at-this-app/magic-link-main/mobile/native-app/node_modules/expo-modules-core/common/cpp/EventEmitter.cpp.o
  
    cannot be safely placed under this directory.  The build may not work
    correctly.
  
  
  CMake Warning in CMakeLists.txt:
    The object file directory
  
      C:/Users/Admin/Documents/Codex/2026-05-17/can-you-look-at-this-app/magic-link-main/mobile/native-app/node_modules/expo-modules-core/android/.cxx/RelWithDebInfo/1281bo1r/arm64-v8a/CMakeFiles/expo-modules-core.dir/./
  
    has 214 characters.  The maximum full path to an object file is 250
    characters (see CMAKE_OBJECT_PATH_MAX).  Object file
  
      C_/Users/Admin/Documents/Codex/2026-05-17/can-you-look-at-this-app/magic-link-main/mobile/native-app/node_modules/expo-modules-core/common/cpp/LazyObject.cpp.o
  
    cannot be safely placed under this directory.  The build may not work
    correctly.
  
  
  CMake Warning in CMakeLists.txt:
    The object file directory
  
      C:/Users/Admin/Documents/Codex/2026-05-17/can-you-look-at-this-app/magic-link-main/mobile/native-app/node_modules/expo-modules-core/android/.cxx/RelWithDebInfo/1281bo1r/arm64-v8a/CMakeFiles/expo-modules-core.dir/./
  
    has 214 characters.  The maximum full path to an object file is 250
    characters (see CMAKE_OBJECT_PATH_MAX).  Object file
  
      C_/Users/Admin/Documents/Codex/2026-05-17/can-you-look-at-this-app/magic-link-main/mobile/native-app/node_modules/expo-modules-core/common/cpp/SharedObject.cpp.o
  
    cannot be safely placed under this directory.  The build may not work
    correctly.
  
  
  CMake Warning in CMakeLists.txt:
    The object file directory
  
      C:/Users/Admin/Documents/Codex/2026-05-17/can-you-look-at-this-app/magic-link-main/mobile/native-app/node_modules/expo-modules-core/android/.cxx/RelWithDebInfo/1281bo1r/arm64-v8a/CMakeFiles/expo-modules-core.dir/./
  
    has 214 characters.  The maximum full path to an object file is 250
    characters (see CMAKE_OBJECT_PATH_MAX).  Object file
  
      C_/Users/Admin/Documents/Codex/2026-05-17/can-you-look-at-this-app/magic-link-main/mobile/native-app/node_modules/expo-modules-core/common/cpp/TypedArray.cpp.o
  
    cannot be safely placed under this directory.  The build may not work
    correctly.
  
  
  CMake Warning in CMakeLists.txt:
    The object file directory
  
      C:/Users/Admin/Documents/Codex/2026-05-17/can-you-look-at-this-app/magic-link-main/mobile/native-app/node_modules/expo-modules-core/android/.cxx/RelWithDebInfo/1281bo1r/arm64-v8a/CMakeFiles/expo-modules-core.dir/./
  
    has 214 characters.  The maximum full path to an object file is 250
    characters (see CMAKE_OBJECT_PATH_MAX).  Object file
  
      C_/Users/Admin/Documents/Codex/2026-05-17/can-you-look-at-this-app/magic-link-main/mobile/native-app/node_modules/expo-modules-core/common/cpp/TypedArray.cpp.o
  
    cannot be safely placed under this directory.  The build may not work
    correctly.
  
  
  CMake Warning in CMakeLists.txt:
    The object file directory
  
      C:/Users/Admin/Documents/Codex/2026-05-17/can-you-look-at-this-app/magic-link-main/mobile/native-app/node_modules/expo-modules-core/android/.cxx/RelWithDebInfo/1281bo1r/arm64-v8a/CMakeFiles/expo-modules-core.dir/./
  
    has 214 characters.  The maximum full path to an object file is 250
    characters (see CMAKE_OBJECT_PATH_MAX).  Object file
  
      C_/Users/Admin/Documents/Codex/2026-05-17/can-you-look-at-this-app/magic-link-main/mobile/native-app/node_modules/expo-modules-core/common/cpp/NativeModule.cpp.o
  
    cannot be safely placed under this directory.  The build may not work
    correctly.
  
  
  CMake Warning in CMakeLists.txt:
    The object file directory
  
      C:/Users/Admin/Documents/Codex/2026-05-17/can-you-look-at-this-app/magic-link-main/mobile/native-app/node_modules/expo-modules-core/android/.cxx/RelWithDebInfo/1281bo1r/arm64-v8a/CMakeFiles/expo-modules-core.dir/./
  
    has 214 characters.  The maximum full path to an object file is 250
    characters (see CMAKE_OBJECT_PATH_MAX).  Object file
  
      C_/Users/Admin/Documents/Codex/2026-05-17/can-you-look-at-this-app/magic-link-main/mobile/native-app/node_modules/expo-modules-core/common/cpp/EventEmitter.cpp.o
  
    cannot be safely placed under this directory.  The build may not work
    correctly.
  
  
  CMake Warning in CMakeLists.txt:
    The object file directory
  
      C:/Users/Admin/Documents/Codex/2026-05-17/can-you-look-at-this-app/magic-link-main/mobile/native-app/node_modules/expo-modules-core/android/.cxx/RelWithDebInfo/1281bo1r/arm64-v8a/CMakeFiles/expo-modules-core.dir/./
  
    has 214 characters.  The maximum full path to an object file is 250
    characters (see CMAKE_OBJECT_PATH_MAX).  Object file
  
      C_/Users/Admin/Documents/Codex/2026-05-17/can-you-look-at-this-app/magic-link-main/mobile/native-app/node_modules/expo-modules-core/common/cpp/TypedArray.cpp.o
  
    cannot be safely placed under this directory.  The build may not work
    correctly.
  
  
  CMake Warning in CMakeLists.txt:
    The object file directory
  
      C:/Users/Admin/Documents/Codex/2026-05-17/can-you-look-at-this-app/magic-link-main/mobile/native-app/node_modules/expo-modules-core/android/.cxx/RelWithDebInfo/1281bo1r/arm64-v8a/CMakeFiles/expo-modules-core.dir/./
  
    has 214 characters.  The maximum full path to an object file is 250
    characters (see CMAKE_OBJECT_PATH_MAX).  Object file
  
      C_/Users/Admin/Documents/Codex/2026-05-17/can-you-look-at-this-app/magic-link-main/mobile/native-app/node_modules/expo-modules-core/common/cpp/JSIUtils.cpp.o
  
    cannot be safely placed under this directory.  The build may not work
    correctly.
  
  
  CMake Warning in CMakeLists.txt:
    The object file directory
  
      C:/Users/Admin/Documents/Codex/2026-05-17/can-you-look-at-this-app/magic-link-main/mobile/native-app/node_modules/expo-modules-core/android/.cxx/RelWithDebInfo/1281bo1r/arm64-v8a/CMakeFiles/expo-modules-core.dir/./
  
    has 214 characters.  The maximum full path to an object file is 250
    characters (see CMAKE_OBJECT_PATH_MAX).  Object file
  
      C_/Users/Admin/Documents/Codex/2026-05-17/can-you-look-at-this-app/magic-link-main/mobile/native-app/node_modules/expo-modules-core/common/cpp/TypedArray.cpp.o
  
    cannot be safely placed under this directory.  The build may not work
    correctly.
  
  
  CMake Warning in CMakeLists.txt:
    The object file directory
  
      C:/Users/Admin/Documents/Codex/2026-05-17/can-you-look-at-this-app/magic-link-main/mobile/native-app/node_modules/expo-modules-core/android/.cxx/RelWithDebInfo/1281bo1r/arm64-v8a/CMakeFiles/expo-modules-core.dir/./
  
    has 214 characters.  The maximum full path to an object file is 250
    characters (see CMAKE_OBJECT_PATH_MAX).  Object file
  
      C_/Users/Admin/Documents/Codex/2026-05-17/can-you-look-at-this-app/magic-link-main/mobile/native-app/node_modules/expo-modules-core/common/cpp/EventEmitter.cpp.o
  
    cannot be safely placed under this directory.  The build may not work
    correctly.
  
  
  CMake Warning in CMakeLists.txt:
    The object file directory
  
      C:/Users/Admin/Documents/Codex/2026-05-17/can-you-look-at-this-app/magic-link-main/mobile/native-app/node_modules/expo-modules-core/android/.cxx/RelWithDebInfo/1281bo1r/arm64-v8a/CMakeFiles/expo-modules-core.dir/./
  
    has 214 characters.  The maximum full path to an object file is 250
    characters (see CMAKE_OBJECT_PATH_MAX).  Object file
  
      C_/Users/Admin/Documents/Codex/2026-05-17/can-you-look-at-this-app/magic-link-main/mobile/native-app/node_modules/expo-modules-core/common/cpp/SharedRef.cpp.o
  
    cannot be safely placed under this directory.  The build may not work
    correctly.
  
  
  CMake Warning in CMakeLists.txt:
    The object file directory
  
      C:/Users/Admin/Documents/Codex/2026-05-17/can-you-look-at-this-app/magic-link-main/mobile/native-app/node_modules/expo-modules-core/android/.cxx/RelWithDebInfo/1281bo1r/arm64-v8a/CMakeFiles/expo-modules-core.dir/./
  
    has 214 characters.  The maximum full path to an object file is 250
    characters (see CMAKE_OBJECT_PATH_MAX).  Object file
  
      C_/Users/Admin/Documents/Codex/2026-05-17/can-you-look-at-this-app/magic-link-main/mobile/native-app/node_modules/expo-modules-core/common/cpp/JSIUtils.cpp.o
  
    cannot be safely placed under this directory.  The build may not work
    correctly.
  
  
  CMake Warning in CMakeLists.txt:
    The object file directory
  
      C:/Users/Admin/Documents/Codex/2026-05-17/can-you-look-at-this-app/magic-link-main/mobile/native-app/node_modules/expo-modules-core/android/.cxx/RelWithDebInfo/1281bo1r/arm64-v8a/CMakeFiles/expo-modules-core.dir/./
  
    has 214 characters.  The maximum full path to an object file is 250
    characters (see CMAKE_OBJECT_PATH_MAX).  Object file
  
      C_/Users/Admin/Documents/Codex/2026-05-17/can-you-look-at-this-app/magic-link-main/mobile/native-app/node_modules/expo-modules-core/common/cpp/EventEmitter.cpp.o
  
    cannot be safely placed under this directory.  The build may not work
    correctly.
  
  
  CMake Warning in CMakeLists.txt:
    The object file directory
  
      C:/Users/Admin/Documents/Codex/2026-05-17/can-you-look-at-this-app/magic-link-main/mobile/native-app/node_modules/expo-modules-core/android/.cxx/RelWithDebInfo/1281bo1r/arm64-v8a/CMakeFiles/expo-modules-core.dir/./
  
    has 214 characters.  The maximum full path to an object file is 250
    characters (see CMAKE_OBJECT_PATH_MAX).  Object file
  
      C_/Users/Admin/Documents/Codex/2026-05-17/can-you-look-at-this-app/magic-link-main/mobile/native-app/node_modules/expo-modules-core/common/cpp/JSIUtils.cpp.o
  
    cannot be safely placed under this directory.  The build may not work
    correctly.
  
  
  CMake Warning in CMakeLists.txt:
    The object file directory
  
      C:/Users/Admin/Documents/Codex/2026-05-17/can-you-look-at-this-app/magic-link-main/mobile/native-app/node_modules/expo-modules-core/android/.cxx/RelWithDebInfo/1281bo1r/arm64-v8a/CMakeFiles/expo-modules-core.dir/./
  
    has 214 characters.  The maximum full path to an object file is 250
    characters (see CMAKE_OBJECT_PATH_MAX).  Object file
  
      C_/Users/Admin/Documents/Codex/2026-05-17/can-you-look-at-this-app/magic-link-main/mobile/native-app/node_modules/expo-modules-core/common/cpp/EventEmitter.cpp.o
  
    cannot be safely placed under this directory.  The build may not work
    correctly.
  
  
  CMake Warning in CMakeLists.txt:
    The object file directory
  
      C:/Users/Admin/Documents/Codex/2026-05-17/can-you-look-at-this-app/magic-link-main/mobile/native-app/node_modules/expo-modules-core/android/.cxx/RelWithDebInfo/1281bo1r/arm64-v8a/CMakeFiles/expo-modules-core.dir/./
  
    has 214 characters.  The maximum full path to an object file is 250
    characters (see CMAKE_OBJECT_PATH_MAX).  Object file
  
      C_/Users/Admin/Documents/Codex/2026-05-17/can-you-look-at-this-app/magic-link-main/mobile/native-app/node_modules/expo-modules-core/common/cpp/TypedArray.cpp.o
  
    cannot be safely placed under this directory.  The build may not work
    correctly.
  
  
  CMake Warning in CMakeLists.txt:
    The object file directory
  
      C:/Users/Admin/Documents/Codex/2026-05-17/can-you-look-at-this-app/magic-link-main/mobile/native-app/node_modules/expo-modules-core/android/.cxx/RelWithDebInfo/1281bo1r/arm64-v8a/CMakeFiles/expo-modules-core.dir/./
  
    has 214 characters.  The maximum full path to an object file is 250
    characters (see CMAKE_OBJECT_PATH_MAX).  Object file
  
      C_/Users/Admin/Documents/Codex/2026-05-17/can-you-look-at-this-app/magic-link-main/mobile/native-app/node_modules/expo-modules-core/common/cpp/NativeModule.cpp.o
  
    cannot be safely placed under this directory.  The build may not work
    correctly.
  
  
  CMake Warning in CMakeLists.txt:
    The object file directory
  
      C:/Users/Admin/Documents/Codex/2026-05-17/can-you-look-at-this-app/magic-link-main/mobile/native-app/node_modules/expo-modules-core/android/.cxx/RelWithDebInfo/1281bo1r/arm64-v8a/CMakeFiles/expo-modules-core.dir/./
  
    has 214 characters.  The maximum full path to an object file is 250
    characters (see CMAKE_OBJECT_PATH_MAX).  Object file
  
      C_/Users/Admin/Documents/Codex/2026-05-17/can-you-look-at-this-app/magic-link-main/mobile/native-app/node_modules/expo-modules-core/common/cpp/JSIUtils.cpp.o
  
    cannot be safely placed under this directory.  The build may not work
    correctly.
  
  
  ninja: error: manifest 'build.ninja' still dirty after 100 tries
  

* Try:
> Run with --stacktrace option to get the stack trace.
> Run with --info or --debug option to get more log output.
> Run with --scan to get full insights.
> Get more help at https://help.gradle.org.

BUILD FAILED in 6m 4s
